URL,Title,Rating,Total_ratings,Type_of_restaurant,location,Opening_Hours,Closing_Hours,Image_URL,dining_service,Dining_service2,Delivery_service,restaurant-id
https://www.google.com/maps/place/KC%27s+Restaurant+%26+Bar/data=!4m7!3m6!1s0x3994eee39f0c710f:0x32134300f0600000!8m2!3d27.577089!4d84.4937959!16s%2Fg%2F11c51xh343!19sChIJD3EMn-PulDkRAABg8ABDEzI?authuser=0&hl=en&rclk=1,KC's Restaurant & Bar,4.2,543,Restaurant,RHINO STATUE, Opens 7AM , Closes 10PM,https://lh5.googleusercontent.com/p/AF1QipNUxsLwxjQeqQLfsbN6YizdOkJim3j0sESnARQa=w138-h92-k-no,Dine-in,Takeaway,Delivery,600
https://www.google.com/maps/place/Option+Restaurant/data=!4m7!3m6!1s0x3994eee2f9178ebb:0x77147252f7d173ed!8m2!3d27.5827849!4d84.4942779!16s%2Fg%2F11c1nkhg5p!19sChIJu44X-eLulDkR7XPR91JyFHc?authuser=0&hl=en&rclk=1,Option Restaurant,4,31,Grill,HFMV+4P6, Opens 7AM , Closes 9PM,https://lh5.googleusercontent.com/p/AF1QipNuaAeXtGn2hbzFqmQ5eamq-uBRkZzefUTla_sh=w122-h92-k-no,Dine-in,Takeaway,Delivery,601
"https://www.google.com/maps/place/Greasy+Spoon+Restaurant,+sauraha/data=!4m7!3m6!1s0x3994eee2435a2947:0x2899968453859058!8m2!3d27.5796834!4d84.494064!16s%2Fg%2F11f50tng_2!19sChIJRylaQ-LulDkRWJCFU4SWmSg?authuser=0&hl=en&rclk=1","Greasy Spoon Restaurant, sauraha",4.1,210,Restaurant,, Opens 8AM , Closes 10PM,https://lh5.googleusercontent.com/p/AF1QipPMKesXetd8Qn-A-VrFr8f2GyboJk3LJ7kb0WC3=w122-h92-k-no,Dine-in,Takeaway,Delivery,602
https://www.google.com/maps/place/Bhanchha+%28The+Newari+Taste+You+Desire%29/data=!4m7!3m6!1s0x3994e861307ac8c7:0xde25152aca9e4d8a!8m2!3d27.6117007!4d84.5690619!16s%2Fg%2F11f3xpk0ln!19sChIJx8h6MGHolDkRik2eyioVJd4?authuser=0&hl=en&rclk=1,Bhanchha (The Newari Taste You Desire),4.3,23,Restaurant,"JH69+MJM, Parsa,Chitwan", Opens 7AM , Closes 10PM,https://lh5.googleusercontent.com/p/AF1QipOxhJPAltu1V628tuRfq2zo4FeRvEon67Qb1cyZ=w122-h92-k-no,Dine-in,Drive-through,Delivery,603
https://www.google.com/maps/place/Park+View+Restaurant+and+Food+Delivery+service+in+Sauraha/data=!4m7!3m6!1s0x3994ef59f9d5c6cf:0x40050bf8fd1e211!8m2!3d27.5743964!4d84.5!16s%2Fg%2F11hzfjfdj7!19sChIJz8bV-VnvlDkREeLRj79QAAQ?authuser=0&hl=en&rclk=1,Park View Restaurant and Food Delivery service in Sauraha,4.6,8,Restaurant,"Ratnanagar-06, Nikunja Chok", Opens 9AM , Closes 10PM,https://lh5.googleusercontent.com/p/AF1QipPkbB-GH0x1ZfMYXkcmPkXvp112s2ikNnETeGqE=w138-h92-k-no,Dine-in,Drive-through,Delivery,604
https://www.google.com/maps/place/Famous+Restaurant/data=!4m7!3m6!1s0x3994ef0944c637c3:0x8a1786fc33c2a4f9!8m2!3d27.5767903!4d84.4961208!16s%2Fg%2F11gxcsg8zw!19sChIJwzfGRAnvlDkR-aTCM_yGF4o?authuser=0&hl=en&rclk=1,Famous Restaurant,4.3,17,Restaurant,HFGW+PC9, Opens 6AM , Closes 10PM,https://lh5.googleusercontent.com/p/AF1QipObJl8_hLiCNiUvEozBEvqD3uMPewCZ2VgRDwxB=w122-h92-k-no,Dine-in,Takeaway,Delivery,605
https://www.google.com/maps/place/Bayleaf+Restaurant+sauraha/data=!4m7!3m6!1s0x3994eee27583809f:0x2b9f155a5db8220!8m2!3d27.5814267!4d84.4945347!16s%2Fg%2F11fxd_smdj!19sChIJn4CDdeLulDkRIILbpVXxuQI?authuser=0&hl=en&rclk=1,Bayleaf Restaurant sauraha,4,139,American,, Opens 6AM , Closes 12AM,https://lh5.googleusercontent.com/p/AF1QipOA3TAMiXglg5vXJqDv_tXUod_HT3LId9RluEbc=w163-h92-k-no,Dine-in,Takeaway,Delivery,606
https://www.google.com/maps/place/Friends+Cafe/data=!4m7!3m6!1s0x3994eee270fc1f1f:0x9bfd681186d20403!8m2!3d27.581675!4d84.4943318!16s%2Fg%2F11dx990czw!19sChIJHx_8cOLulDkRAwTShhFo_Zs?authuser=0&hl=en&rclk=1,Friends Cafe,4.4,276,Restaurant,HFJV+MP8,Opens 10AM , Closes 11PM,https://lh5.googleusercontent.com/p/AF1QipPtF6OfLuGlSIxxD_gQyFBa3JFofCFbtryrCkCQ=w122-h92-k-no,Dine-in,Takeaway,Delivery,607
https://www.google.com/maps/place/The+mark+restaurant/data=!4m7!3m6!1s0x3994e957e05384e5:0x735d71074c1a7dc9!8m2!3d27.6091139!4d84.5685389!16s%2Fg%2F11p5x76xg2!19sChIJ5YRT4FfplDkRyX0aTAdxXXM?authuser=0&hl=en&rclk=1,The mark restaurant,4.5,6,Restaurant,"Chitwan Parsa ,pulchok khairahani 6 Purano parsa bazar", Opens 9AM , Closes 9:30PM,https://lh5.googleusercontent.com/p/AF1QipNbIzDg5pmltmu6xN-9xtP7of-8K6bvZdRq0RMm=w163-h92-k-no,Dine-in,Takeaway,Delivery,608
https://www.google.com/maps/place/Fried+Chicken+at+Park+View+Restaurant/data=!4m7!3m6!1s0x3994ef8acbd55da3:0x1b6d0d8f95ef7e07!8m2!3d27.5744125!4d84.4999628!16s%2Fg%2F11pcpkdqp_!19sChIJo13Vy4rvlDkRB37vlY8NbRs?authuser=0&hl=en&rclk=1,Fried Chicken at Park View Restaurant,3.8,15,Fast Food,"Ratnanagar-06, Nikunja Chowk, Sauraha, Chitwan", Opens 7AM ,Closes 8PM,https://lh5.googleusercontent.com/p/AF1QipOr955z0mhZ9vKkojtd14_SnmuBvDoyXq5lkRG6=w122-h92-k-no,Dine-in,Takeaway,Delivery,609
https://www.google.com/maps/place/Sunset+View+Restaurant+and+Bar/data=!4m7!3m6!1s0x3994eee47df51c35:0x3ccedf4b3f62ca34!8m2!3d27.5751875!4d84.4934375!16s%2Fg%2F11bzym8m55!19sChIJNRz1feTulDkRNMpiP0vfzjw?authuser=0&hl=en&rclk=1,Sunset View Restaurant and Bar,3.8,107,Restaurant,HFGV+39J,Opens 7AM , Closes 10PM,https://lh5.googleusercontent.com/p/AF1QipM8hst16rscsxdX_cCRhHq5EsO6iJDW2_n04syR=w122-h92-k-no,Dine-in,Takeaway,Delivery,610
https://www.google.com/maps/place/Shivika+restaurant+and+thakali+vancha+ghar/data=!4m7!3m6!1s0x3994efa9b8dd87f1:0x4e53b8b6e606852e!8m2!3d27.6250045!4d84.5154451!16s%2Fg%2F11jzryzmq5!19sChIJ8YfduKnvlDkRLoUG5ra4U04?authuser=0&hl=en&rclk=1,Shivika restaurant and thakali vancha ghar,3.8,15,Restaurant,Chitwan tandi hai school road, Opens 7AM ,Closes 8PM,https://lh5.googleusercontent.com/p/AF1QipMe3BTN0PaBSloLb7811puCPR0Ls0K6IlwJptkf=w80-h106-k-no,Dine-in,Takeaway,Delivery,611
https://www.google.com/maps/place/Jalapeno+restaurant/data=!4m7!3m6!1s0x3994eee2714181a3:0x64ea3a9cba256dc!8m2!3d27.5813213!4d84.494245!16s%2Fg%2F11c31860wt!19sChIJo4FBceLulDkR3Faiy6mjTgY?authuser=0&hl=en&rclk=1,Jalapeno restaurant,4.3,200,Restaurant,HFJV+GMH,Opens 7AM , Closes 10PM,https://lh5.googleusercontent.com/p/AF1QipON_WXMYXpftxjjW4iIASSZBaqdHhfpfhO57gKz=w122-h92-k-no,Dine-in,Takeaway,Delivery,612
https://www.google.com/maps/place/MOMO+PARK/data=!4m7!3m6!1s0x3994eff936b16663:0x8895e6d94e4ce130!8m2!3d27.5749284!4d84.4938043!16s%2Fg%2F11ll_1h2cq!19sChIJY2axNvnvlDkRMOFMTtnmlYg?authuser=0&hl=en&rclk=1,MOMO PARK,2.8,6,Restaurant,"River Side , Sauraha Chitwan Nepal Tandi, Nepal 44200", Opens 7AM , Closes 9:30PM,https://lh5.googleusercontent.com/p/AF1QipMveUZqZj3cscCjdW0L73ky95PWDijlx1tzvrWq=w194-h92-k-no,Dine-in,Drive-through,Delivery,613
https://www.google.com/maps/place/Shantiko+Kitchen/data=!4m7!3m6!1s0x3994efb67900706d:0x9328388cbfe9759b!8m2!3d27.577141!4d84.4951955!16s%2Fg%2F11j0yxq7yh!19sChIJbXAAebbvlDkRm3Xpv4w4KJM?authuser=0&hl=en&rclk=1,Shantiko Kitchen,4.8,110,Restaurant,"Ra.Na.Pa. 6, Sauraha Road", Opens 11:30AM , Closes 9PM,https://lh5.googleusercontent.com/p/AF1QipO07-LzTiX-S64cE0tlzii-2GaCNO78oH4mRzGX=w122-h92-k-no,Dine-in,Kerbside pickup,Delivery,614
https://www.google.com/maps/place/HIWAY+GORKHALI+KHAJA+GHAR+%28Food+and+beverage%29/data=!4m7!3m6!1s0x3994e5d83ca4254d:0xe82fac20c42c17df!8m2!3d27.629795!4d84.4961154!16s%2Fg%2F11rmxfllln!19sChIJTSWkPNjllDkR3xcsxCCsL-g?authuser=0&hl=en&rclk=1,HIWAY GORKHALI KHAJA GHAR (Food and beverage),3,2,Restaurant,, Opens 8AM , Closes 9PM,https://lh5.googleusercontent.com/p/AF1QipMXa5liLjV6RwxbsqN0VRiiB3vedl1u_YLtyPyb=w122-h92-k-no,Dine-in,Drive-through,Delivery,615
https://www.google.com/maps/place/D+Rendezvous+Restaurant+%26+Bar/data=!4m7!3m6!1s0x3994ef0fb662d433:0x49c1d3c317470888!8m2!3d27.5812402!4d84.4929921!16s%2Fg%2F11p4zqnj4k!19sChIJM9Ritg_vlDkRiAhHF8PTwUk?authuser=0&hl=en&rclk=1,D Rendezvous Restaurant & Bar,5,2,Family-friendly,"Ra.Na.Pa. 6, Sauraha Road", Opens 5AM , Closes 11PM,https://lh5.googleusercontent.com/p/AF1QipP6RY_1ocyDv5QfTM-M4ZXFksT3kR1quJejx_lc=w122-h92-k-no,Dine-in,Takeaway,Delivery,616
https://www.google.com/maps/place/Frankies+%26+More/data=!4m7!3m6!1s0x3994ef77dcfc0c25:0x6d34b2ab1123124c!8m2!3d27.5823295!4d84.4944951!16s%2Fg%2F11g_x0757k!19sChIJJQz83HfvlDkRTBIjEauyNG0?authuser=0&hl=en&rclk=1,Frankies & More,5,6,Restaurant,Malpur Road, Opens 7AM , Closes 10PM,https://lh5.googleusercontent.com/p/AF1QipM-kEOuanyXArCa34rlbtmMMDv58W-o5EpgENFz=w80-h106-k-no,Dine-in,Takeaway,Delivery,617
https://www.google.com/maps/place/Chimney+Multicuisine+Restaurant+%26+Bar/data=!4m7!3m6!1s0x3994ef0cf6b294bf:0x4d191d3583a28700!8m2!3d27.6224492!4d84.5127844!16s%2Fg%2F11n7lgjz6m!19sChIJv5Sy9gzvlDkRAIeigzUdGU0?authuser=0&hl=en&rclk=1,Chimney Multicuisine Restaurant & Bar,4.1,9,Family-friendly,JGC7+X4F, Opens 7AM , Closes 10PM,https://lh5.googleusercontent.com/p/AF1QipPJe6D4_oMe4p1B8GsYQhFQDJKG1YcGGZI8Np3q=w116-h92-k-no,Dine-in,Takeaway,Delivery,618
https://www.google.com/maps/place/Baishnab+Sweets+Mega+Outlet/data=!4m7!3m6!1s0x3994fb2efd162dcf:0x27db38b0aee4c686!8m2!3d27.6805936!4d84.43047!16s%2Fg%2F11c535t3z4!19sChIJzy0W_S77lDkRhsbkrrA42yc?authuser=0&hl=en&rclk=1,Baishnab Sweets Mega Outlet,3.9,942,Vegetarian,"MCJJ+65Q, Airport Road,Chitwan",Opens 7AM , Closes 9:30PM,https://lh5.googleusercontent.com/p/AF1QipMg2yA4XMZTMe4qrhCGT9-WlbOZaPfAWdrQm2vd=w122-h92-k-no,Dine-in,Drive-through,Delivery,619
https://www.google.com/maps/place/Kaka+Restaurant/data=!4m7!3m6!1s0x3994ef8fb8cdc2fd:0xdabec27ad1d3cfe0!8m2!3d27.61479!4d84.5179202!16s%2Fg%2F11nmq9p5g1!19sChIJ_cLNuI_vlDkR4M_T0XrCvto?authuser=0&hl=en&rclk=1,Kaka Restaurant,4.1,14,Restaurant,"JG79+W57, Unnamed Road", Opens 7AM , Closes 9:30PM,https://lh5.googleusercontent.com/p/AF1QipN3toZY53aVjTsNWmqjFcodnSRM7jgnWg-tbm_m=w122-h92-k-no,Dine-in,Takeaway,Delivery,620
https://www.google.com/maps/place/Sanjh+Restaurant/data=!4m7!3m6!1s0x3994e86133db382f:0xd9c9a312e19e6c44!8m2!3d27.611729!4d84.569087!16s%2Fg%2F11c74hqfvq!19sChIJLzjbM2HolDkRRGye4RKjydk?authuser=0&hl=en&rclk=1,Sanjh Restaurant,3.2,9,Restaurant,JH69+MJW, Opens 8AM , Closes 11PM,https://lh5.googleusercontent.com/p/AF1QipPMhR4CXYVWf3oig1uTQCSauOB4tc6e9HmfR0zq=w122-h92-k-no,Dine-in,Takeaway,Delivery,621
https://www.google.com/maps/place/New+Nepali+Kitchen/data=!4m7!3m6!1s0x3994ef05a1dd1ceb:0x84d0347b0b17f615!8m2!3d27.577115!4d84.4946936!16s%2Fg%2F11h01sk07b!19sChIJ6xzdoQXvlDkRFfYXC3s00IQ?authuser=0&hl=en&rclk=1,New Nepali Kitchen,4.4,7,Restaurant,HFGV+RVW, Opens 7AM , Closes 10PM,https://lh5.googleusercontent.com/p/AF1QipPetJW9BBt-BgoUizKdNF7DhbiGBnvpzCdfihFQ=w204-h92-k-no,Dine-in,Takeaway,Delivery,622
https://www.google.com/maps/place/Tharu+Corner/data=!4m7!3m6!1s0x3994efc57df5f9b7:0x84a7087444c8f897!8m2!3d27.5794003!4d84.4942142!16s%2Fg%2F11sm8spxqm!19sChIJt_n1fcXvlDkRl_jIRHQIp4Q?authuser=0&hl=en&rclk=1,Tharu Corner,3,2,Asian,"HFHV+QM8, Sauraha Road", Opens 6AM , Closes 11:45PM,https://lh5.googleusercontent.com/p/AF1QipPZx8hnQn_0-oLFy6KmepYw7p6QVSo30VxxiGMU=w80-h106-k-no,Dine-in,Takeaway,Delivery,623
https://www.google.com/maps/place/The+Falcha+%26+Pizza+91/data=!4m7!3m6!1s0x3994ef8145706701:0x16b063b6b9868d92!8m2!3d27.6231399!4d84.5122582!16s%2Fg%2F11g0hmrhkl!19sChIJAWdwRYHvlDkRko2GubZjsBY?authuser=0&hl=en&rclk=1,The Falcha & Pizza 91,4,132,Restaurant,JGF6+7W2, Opens 7AM , Closes 11PM,https://lh5.googleusercontent.com/p/AF1QipMs-IYvIV9x8oLVysY6t2lYpGhGuBEtkP0ChpmT=w122-h92-k-no,Dine-in,Drive-through,Delivery,624
https://www.google.com/maps/place/Chitwan+Mo:Mo+point/data=!4m7!3m6!1s0x3994ef5397e98aa7:0x9d15f491496935b7!8m2!3d27.6201338!4d84.5158944!16s%2Fg%2F11sm6pn3qy!19sChIJp4rpl1PvlDkRtzVpSZH0FZ0?authuser=0&hl=en&rclk=1,Chitwan Mo:Mo point,5,1,Restaurant,"JGC8+392, Cinema Rd", Opens 7AM , Opens 7AM ,https://lh5.googleusercontent.com/p/AF1QipMyE3_XUE7ABs6QncuCDaNllkI3siM7Ds6wgPFH=w145-h92-k-no,Dine-in,Takeaway,Delivery,625
https://www.google.com/maps/place/Zhang+Da+Shi+Restaurant/data=!4m7!3m6!1s0x3994ef47153e5127:0xd201faced4ce6244!8m2!3d27.5766601!4d84.4936914!16s%2Fg%2F11ghr9shvf!19sChIJJ1E-FUfvlDkRRGLO1M76AdI?authuser=0&hl=en&rclk=1,Zhang Da Shi Restaurant,4,7,Chinese,HFGV+MF8, Opens 7AM , Closes 10PM,https://lh5.googleusercontent.com/p/AF1QipNwA3MT-0giEI9-62jLFzAaXJ4Xi7Ac7pZNtC8F=w163-h92-k-no,Dine-in,Takeaway,Delivery,626
https://www.google.com/maps/place/The+90%27s+restaurant+and+bar/data=!4m7!3m6!1s0x3994ef7f20afb68b:0xcdf51184a5e0ef8f!8m2!3d27.6217136!4d84.5164225!16s%2Fg%2F11frdqntm3!19sChIJi7avIH_vlDkRj-_gpYQR9c0?authuser=0&hl=en&rclk=1,The 90's restaurant and bar,4.1,55,Restaurant,"Tandi Bus Stop, E - W Hwy", Opens 6AM , Closes 10PM,https://lh5.googleusercontent.com/p/AF1QipPuV2CoXQcgP-7ybaX8bQHWkSD4vy57OMTif_uQ=w122-h92-k-no,Dine-in,Drive-through,Delivery,627
https://www.google.com/maps/place/Astha+Restaurant+%26+Sekuwa+Corner/data=!4m7!3m6!1s0x3994e982d6f3f6a3:0x26463e66d4395fae!8m2!3d27.5987242!4d84.5375932!16s%2Fg%2F11jdn6_tcx!19sChIJo_bz1oLplDkRrl851GY-RiY?authuser=0&hl=en&rclk=1,Astha Restaurant & Sekuwa Corner,5,2,Restaurant,"HGXQ+F2P, Unnamed Road", Opens 8AM ,Closes 8PM,https://lh5.googleusercontent.com/p/AF1QipNmN798JUUmfwrn3TyOV5Cm-WCtFxG-cUnwFa4V=w80-h106-k-no,Dine-in,Takeaway,Delivery,628
"https://www.google.com/maps/place/Mustang+Thakali+,+Gaida+Chowk,+Sauraha,+Chitwan/data=!4m7!3m6!1s0x3994efc7c976ce13:0x60d7e5dc95d902ea!8m2!3d27.5773902!4d84.4941519!16s%2Fg%2F11qh56gbm3!19sChIJE852ycfvlDkR6gLZldzl12A?authuser=0&hl=en&rclk=1","Mustang Thakali , Gaida Chowk, Sauraha, Chitwan",3.8,54,Restaurant,"HFGV+XM2, Gaida Chowk",Opens 7AM , Closes 11:30PM,https://lh5.googleusercontent.com/p/AF1QipMmCLO0cD9V5Opp30r08rv1q1xICCchWkhGrl3k=w163-h92-k-no,Dine-in,Drive-through,Delivery,629
https://www.google.com/maps/place/Nature+View+Restaurant+%26+Bar/data=!4m7!3m6!1s0x3994efab9473cf05:0xc49939481a77d602!8m2!3d27.5744769!4d84.493093!16s%2Fg%2F11gw1ffh11!19sChIJBc9zlKvvlDkRAtZ3Gkg5mcQ?authuser=0&hl=en&rclk=1,Nature View Restaurant & Bar,3.5,39,Restaurant,HFFV+Q6W, Opens 5AM , Closes 10PM,https://lh5.googleusercontent.com/p/AF1QipOhb34RsnnyBpY1P0hhFdKowHeaX_mG_13eBKwY=w122-h92-k-no,Dine-in,Drive-through,Delivery,630
https://www.google.com/maps/place/Himalaya+restaurant+and+cottage/data=!4m7!3m6!1s0x3994f10f831abfd5:0x1d912d019ef37695!8m2!3d27.6160224!4d84.4007179!16s%2Fg%2F11r2rr9n3b!19sChIJ1b8agw_xlDkRlXbzngEtkR0?authuser=0&hl=en&rclk=1,Himalaya restaurant and cottage,4.5,6,Restaurant,Bharatpur 6 Bharatpur 6 gitanagar chitwan bidhut office agadi Bharatpur 6, Opens 7AM , Closes 10PM,https://lh5.googleusercontent.com/p/AF1QipMgNVrCqiqnDSd-kbXT_XCzDry3Sn9OwVMhT7f8=w122-h92-k-no,Dine-in,Drive-through,No-contact delivery,631
https://www.google.com/maps/place/The+Hook+Restaurant+%26+live+music/data=!4m7!3m6!1s0x3994ef890139e215:0xda86218e4c4608f2!8m2!3d27.5776876!4d84.4942249!16s%2Fg%2F11fj68wcjj!19sChIJFeI5AYnvlDkR8ghGTI4hhto?authuser=0&hl=en&rclk=1,The Hook Restaurant & live music,4.3,52,Restaurant,, Opens 10AM , Closes 11PM,https://lh5.googleusercontent.com/p/AF1QipMJYiJo7FBHL0kgaqjkUQIld6FazZEMU56bE39I=w163-h92-k-no,Dine-in,Takeaway,Delivery,632
https://www.google.com/maps/place/Rapti+Beach+Restaurant+And+Bar/data=!4m7!3m6!1s0x3994eee47d19c72d:0xdafc460719763be2!8m2!3d27.5750124!4d84.493441!16s%2Fg%2F11b_2wzl47!19sChIJLccZfeTulDkR4jt2GQdG_No?authuser=0&hl=en&rclk=1,Rapti Beach Restaurant And Bar,3.8,105,Restaurant,HFGV+294, Opens 10AM , Closes 10PM,https://lh5.googleusercontent.com/p/AF1QipMRsZg3L48hHfqYFR0oOEkWSXHQqY-RMBMyaaM_=w122-h92-k-no,Dine-in,Takeaway,Delivery,633
https://www.google.com/maps/place/SB+Dragon+and+Dhawa/data=!4m7!3m6!1s0x3994e9ad06714ef9:0xf778a722fe5b9caf!8m2!3d27.6172622!4d84.5355351!16s%2Fg%2F11r5_5hwy2!19sChIJ-U5xBq3plDkRr5xb_iKnePc?authuser=0&hl=en&rclk=1,SB Dragon and Dhawa,5,1,Nepalese,"JG8P+W63, Belsi Chowk Bus Station", Opens 7AM , Closes 8PM,https://lh5.googleusercontent.com/p/AF1QipOc6zUpR3rA8ynYtWPFAN_exO_-Z1p7FpA43W7F=w189-h92-k-no,Dine-in,Takeaway,Delivery,634
https://www.google.com/maps/place/Jungle+View+Restaurant/data=!4m7!3m6!1s0x3994eee3bd6d3865:0x9082e30aea1557b3!8m2!3d27.5772222!4d84.4941667!16s%2Fg%2F1tjkd68r!19sChIJZThtvePulDkRs1cV6grjgpA?authuser=0&hl=en&rclk=1,Jungle View Restaurant,3.8,47,Restaurant,HFGV+VMM, Opens 7AM , Closes 11PM,https://lh5.googleusercontent.com/p/AF1QipPWPfqPfLaC_NbTTJvdmQkB6c6jBWtELbHbRedy=w161-h92-k-no,Dine-in,Takeaway,Delivery,635
https://www.google.com/maps/place/Sauraha+Chowk+Tandoori+Restuarent/data=!4m7!3m6!1s0x3994ef5141df7cc5:0xf0bb89c23301f136!8m2!3d27.6218843!4d84.5159055!16s%2Fg%2F11hbsjd61p!19sChIJxXzfQVHvlDkRNvEBM8KJu_A?authuser=0&hl=en&rclk=1,Sauraha Chowk Tandoori Restuarent,3.9,81,Restaurant,JGC8+Q92, Opens 8AM , Closes 8:30PM,https://lh5.googleusercontent.com/p/AF1QipOmDPg24AU342NSVCG5GSVxxqvgRoIAbgWVCq8j=w122-h92-k-no,Dine-in,Takeaway,Delivery,636
https://www.google.com/maps/place/The+Barista+Cafe+%26+Restaurant/data=!4m7!3m6!1s0x3994e9bec512c11f:0xca5127575a4af9dc!8m2!3d27.6104178!4d84.5688996!16s%2Fg%2F11k6r90lp2!19sChIJH8ESxb7plDkR3PlKWlcnUco?authuser=0&hl=en&rclk=1,The Barista Cafe & Restaurant,4.3,35,Restaurant,"khairahani-8, parsa", Opens 7AM , Closes 10PM,https://lh5.googleusercontent.com/p/AF1QipMjd_dMEZX98rRMGojQeHLdHJKzu03RnH-6nJqo=w122-h92-k-no,Dine-in,Takeaway,Delivery,637
https://www.google.com/maps/place/Sunrise+Cottage+And+Resturant/data=!4m7!3m6!1s0x3994ef1c3f52b4b1:0x543becf4836e4164!8m2!3d27.6024849!4d84.5104164!16s%2Fg%2F11h1z1cygs!19sChIJsbRSPxzvlDkRZEFug_TsO1Q?authuser=0&hl=en&rclk=1,Sunrise Cottage And Resturant,4.1,52,Restaurant,JG26+X5V, Opens 8AM , Closes 10PM,https://lh5.googleusercontent.com/p/AF1QipOKj8E2LEjZ1mjEq2VYOy_yH0uVcNghIhl4Vghh=w80-h106-k-no,Dine-in,Drive-through,Delivery,638
https://www.google.com/maps/place/Lime+and+Lemon+Lounge+Pvt.+Ltd/data=!4m7!3m6!1s0x3994fbf4a130e21f:0x5c1a4e1d4fbb3674!8m2!3d27.6890754!4d84.4337675!16s%2Fg%2F11gyyx07mm!19sChIJH-IwofT7lDkRdDa7Tx1OGlw?authuser=0&hl=en&rclk=1,Lime and Lemon Lounge Pvt. Ltd,4,552,Restaurant,Synergy Road 10, Opens 6AM , Opens 5PM,https://lh5.googleusercontent.com/p/AF1QipP1Hvslob49YV8-nQD3favGNNpawvHAbMyO0Aw=w122-h92-k-no,Dine-in,Takeaway,Delivery,639
https://www.google.com/maps/place/Bishram+Restaurant/data=!4m7!3m6!1s0x3994efecb58dc01f:0xaa3ea7948e33ab60!8m2!3d27.6239202!4d84.5128612!16s%2Fg%2F11r2jcz4yf!19sChIJH8CNtezvlDkRYKszjpSnPqo?authuser=0&hl=en&rclk=1,Bishram Restaurant,5,2,Family-friendly,"सौराह चोक बस बिसौनी, E - W Hwy", 12AM  Opens 5PM ,Closes 8PM,https://lh5.googleusercontent.com/p/AF1QipOBoeVQUtUQurvrLpAfzkm67rmZOz0IXf5fwTVw=w122-h92-k-no,Dine-in,Kerbside pickup,Delivery,640
https://www.google.com/maps/place/Ip+dhaba/data=!4m7!3m6!1s0x3994e942aba4b84f:0x37f39136f6c98b83!8m2!3d27.6172647!4d84.5354668!16s%2Fg%2F11r5_8js5b!19sChIJT7ikq0LplDkRg4vJ9jaR8zc?authuser=0&hl=en&rclk=1,Ip dhaba,5,1,Restaurant,Chowk Bus Station,Opens 7AM ,Closes 8PM,https://maps.gstatic.com/tactile/pane/result-no-thumbnail-1x.png,Dine-in,Takeaway,Delivery,641
https://www.google.com/maps/place/tharu+ghungi+house/data=!4m7!3m6!1s0x3994efd7ab295867:0x2d4439d5795af331!8m2!3d27.5766271!4d84.4969087!16s%2Fg%2F11h55z1ckz!19sChIJZ1gpq9fvlDkRMfNaedU5RC0?authuser=0&hl=en&rclk=1,tharu ghungi house,4.2,17,Traditional restaurant,"HFGW+MQ3, Sauraha Road", Opens 7AM ,Closes 8PM,https://lh5.googleusercontent.com/p/AF1QipP-NdRkvgCqXTbSuFcQeWIb0DSkK7mngFKmLb75=w80-h100-k-no,Dine-in,Takeaway,Delivery,642
https://www.google.com/maps/place/Dhurba+Restaurant+%26+Lodge/data=!4m7!3m6!1s0x3994e8616a3d39bb:0x35cf3add00064ad7!8m2!3d27.6124958!4d84.5702276!16s%2Fg%2F11c2q7ckjk!19sChIJuzk9amHolDkR10oGAN06zzU?authuser=0&hl=en&rclk=1,Dhurba Restaurant & Lodge,4,71,Restaurant,JH6C+X3X,Opens 7AM , Closes 9:30PM,https://lh5.googleusercontent.com/p/AF1QipO8uyhyqIJemLXIYuxxlYdcvpJQuWrNimil5kA2=w80-h106-k-no,Dine-in,Takeaway,Delivery,643
https://www.google.com/maps/place/New+Sathi+Restaurant/data=!4m7!3m6!1s0x3994e9f9ecd27043:0x6f8a471a0cbb3547!8m2!3d27.6188981!4d84.5265865!16s%2Fg%2F11j2xgmv1y!19sChIJQ3DS7PnplDkRRzW7DBpHim8?authuser=0&hl=en&rclk=1,New Sathi Restaurant,5,1,Restaurant,"Ratnanagar-03, Tandi Shantichowk",Opens 7AM , Closes 8PM,https://lh5.googleusercontent.com/p/AF1QipOZaBmDQwk2neXq18JcbLlYGedaJM7UoIVNTW1x=w106-h92-k-no,Dine-in,Takeaway,Delivery,644
https://www.google.com/maps/place/Chojola+Cafe+%26+Bar/data=!4m7!3m6!1s0x3994ef0be3f4ac0b:0x6b0e0f6496c174cb!8m2!3d27.584849!4d84.5038658!16s%2Fg%2F11fnfk47z_!19sChIJC6z04wvvlDkRy3TBlmQPDms?authuser=0&hl=en&rclk=1,Chojola Cafe & Bar,3.5,6,Restaurant,, Opens 6AM , Closes 10PM,https://lh5.googleusercontent.com/p/AF1QipO9_BB6n8xOi5ugPP8nEoi5DXymAOfDpWAMU2QD=w80-h106-k-no,Dine-in,Takeaway,Delivery,645
https://www.google.com/maps/place/Ataali+Restaurant+and+Bar/data=!4m7!3m6!1s0x3994e55827483747:0x8a77395f06e7d671!8m2!3d27.6870359!4d84.4405394!16s%2Fg%2F11h06xbr47!19sChIJRzdIJ1jllDkRcdbnBl85d4o?authuser=0&hl=en&rclk=1,Ataali Restaurant and Bar,4,358,Restaurant,Bypass Rd 11, Opens 7:30AM , Closes 11PM,https://lh5.googleusercontent.com/p/AF1QipOaR3fUPVSi5aXL0HtX8z5bgOzjahbiq8KG0_Tc=w165-h92-k-no,Dine-in,Takeaway,No-contact delivery,646
https://www.google.com/maps/place/Art+Cafe/data=!4m7!3m6!1s0x3994ef21dbebb26f:0x68dad3fe1815d32!8m2!3d27.5812496!4d84.4942489!16s%2Fg%2F11g2vw96l0!19sChIJb7Lr2yHvlDkRMl2B4T-tjQY?authuser=0&hl=en&rclk=1,Art Cafe,4.8,185,Restaurant,Sauraha Road, Opens 7AM , Closes 10PM,https://lh5.googleusercontent.com/p/AF1QipMiXkyTnTPJf715tTKm3G_U7ZPpFErEwUeS84zi=w122-h92-k-no,Dine-in,Takeaway,Delivery,647
https://www.google.com/maps/place/Hungry+Tom/data=!4m7!3m6!1s0x3994fb8dea21662d:0x5e711cb5241169b4!8m2!3d27.698106!4d84.4215752!16s%2Fg%2F11fl4lxsnr!19sChIJLWYh6o37lDkRtGkRJLUccV4?authuser=0&hl=en&rclk=1,Hungry Tom,4.1,362,Restaurant,, Opens 10AM , Closes 11PM,https://lh5.googleusercontent.com/p/AF1QipN7HthNKUsfjmLGleA9G_8h90lZgT8ATs64s3dL=w163-h92-k-no,Dine-in,Drive-through,No-contact delivery,648
https://www.google.com/maps/place/Tharu+restaurant/data=!4m7!3m6!1s0x3994efe7fabc7bd7:0xfe254dad15001e2!8m2!3d27.5931924!4d84.4974717!16s%2Fg%2F11h_ycl5d1!19sChIJ13u8-ufvlDkR4gFQ0dpU4g8?authuser=0&hl=en&rclk=1,Tharu restaurant,4.6,9,Asian,HFVW+7XH, Opens 7AM , Closes 10PM,https://lh5.googleusercontent.com/p/AF1QipPWfi6SMvv_PIVTf4_3BzgxU4ehA5u6evzTv2xj=w122-h92-k-no,Dine-in,Takeaway,Delivery,649
https://www.google.com/maps/place/Honey+Bee+Restaurant+and+Bar/data=!4m7!3m6!1s0x3994efca96b01df1:0xdf27b7d5b33ad6aa!8m2!3d27.5777385!4d84.4941829!16s%2Fg%2F11h57xwffc!19sChIJ8R2wlsrvlDkRqtY6s9W3J98?authuser=0&hl=en&rclk=1,Honey Bee Restaurant and Bar,4.7,31,Restaurant,Gaindachowk, Opens 7AM , Closes 9PM,https://lh5.googleusercontent.com/p/AF1QipM3dQ4kPQrjAThICkMge0oMRerZJXDYTYkElpqu=w163-h92-k-no,Dine-in,Kerbside pickup,No-contact delivery,650
https://www.google.com/maps/place/Habibi+Food/data=!4m7!3m6!1s0x3994ef94d26945a9:0x9cd7c4a3d2f0127!8m2!3d27.6200056!4d84.5209155!16s%2Fg%2F11kj3mwwm3!19sChIJqUVp0pTvlDkRJwEvPUp8zQk?authuser=0&hl=en&rclk=1,Habibi Food,4.2,25,Fast Food,, Opens 6AM , Closes 9PM,https://lh5.googleusercontent.com/p/AF1QipO4_SHTbR0LJ-C5Yd5G7jzpDDgYFBB84RC73swp=w122-h92-k-no,Dine-in,Drive-through,No-contact delivery,651
https://www.google.com/maps/place/Chhimeki+Food+Hut/data=!4m7!3m6!1s0x3994efd42c86b631:0x929dc1d530679313!8m2!3d27.576734!4d84.4961754!16s%2Fg%2F11t65mvsl8!19sChIJMbaGLNTvlDkRE5NnMNXBnZI?authuser=0&hl=en&rclk=1,Chhimeki Food Hut,4.9,7,Restaurant,, Opens 8AM , Closes 9PM,https://maps.gstatic.com/tactile/pane/result-no-thumbnail-1x.png,Dine-in,Drive-through,Delivery,652
https://www.google.com/maps/place/Shrestha+Restaurant/data=!4m7!3m6!1s0x3994e90f27c493b1:0xdc8dd6b5981e65da!8m2!3d27.6184811!4d84.5271272!16s%2Fg%2F11rck35sy7!19sChIJsZPEJw_plDkR2mUemLXWjdw?authuser=0&hl=en&rclk=1,Shrestha Restaurant,5,1,Restaurant,"JG9G+9VR, Shanti Chowk Bus Station, E - W Hwy", Opens 7AM , Closes 8PM,https://maps.gstatic.com/tactile/pane/result-no-thumbnail-1x.png,Dine-in,Takeaway,Delivery,653
https://www.google.com/maps/place/Annapurna+Restaurant+and+Bar/data=!4m7!3m6!1s0x3994ef767aa6a461:0xfa476cef56e2753b!8m2!3d27.6225877!4d84.5124143!16s%2Fg%2F11f60xyscz!19sChIJYaSmenbvlDkRO3XiVu9sR_o?authuser=0&hl=en&rclk=1,Annapurna Restaurant and Bar,5,1,Restaurant,"Sauraha Chowk, Ratnanagar 01", Opens 7AM , Closes 10PM,https://lh5.googleusercontent.com/p/AF1QipPfnd2xRVOy_qrPktVbXPgAORo0nFcysV486DdT=w80-h106-k-no,Dine-in,Takeaway,Delivery,654
https://www.google.com/maps/place/sukra+cheap%26+delicious+restaurant/data=!4m7!3m6!1s0x3994eee3be87147b:0x1af2f67d6127d654!8m2!3d27.5773507!4d84.4943861!16s%2Fg%2F11gd1wmkpg!19sChIJexSHvuPulDkRVNYnYX328ho?authuser=0&hl=en&rclk=1,sukra cheap& delicious restaurant,4,2,Restaurant,"HFGV+WQR, Rhino Rd", Opens 7AM , Closes 10PM,https://lh5.googleusercontent.com/p/AF1QipOj2YCnlDdqg5VgB3ST7fdoeRdmWat_UKm0rjft=w80-h106-k-no,Dine-in,Takeaway,Delivery,655
https://www.google.com/maps/place/Hotel+Elephant+Camp+And+Korean+Restaurant/data=!4m7!3m6!1s0x3994eee3e6447249:0xfe88ddbc95ed2f6a!8m2!3d27.5768792!4d84.4954272!16s%2Fg%2F11c0w0j558!19sChIJSXJE5uPulDkRai_tlbzdiP4?authuser=0&hl=en&rclk=1,Hotel Elephant Camp And Korean Restaurant,3.9,51,Restaurant,HFGW+Q53, Opens 7AM , Closes 10PM,https://lh5.googleusercontent.com/p/AF1QipNzes7E16gT7HDSNORzuqbRPTtfuv6Ye43iKIUU=w122-h92-k-no,Dine-in,Takeaway,Delivery,656
https://www.google.com/maps/place/The+VFC+Restaurant/data=!4m7!3m6!1s0x3994ef6eefdd5d0f:0xe50728346178cf55!8m2!3d27.6243515!4d84.5094375!16s%2Fg%2F11hyny58vk!19sChIJD13d727vlDkRVc94YTQoB-U?authuser=0&hl=en&rclk=1,The VFC Restaurant,4.3,30,Restaurant,E - W Hwy, Opens 6AM , Closes 9PM,https://lh5.googleusercontent.com/p/AF1QipMeIAJ9Y3lY_P2RP3OMI7UH9oCdKbjHIjwUZhxG=w204-h92-k-no,Dine-in,Takeaway,Delivery,657
https://www.google.com/maps/place/Chitwan+Hankook+Sarang+Korean+Restaurant+%EC%B9%98%ED%88%AC%EC%99%84+%ED%95%9C%EA%B5%AD+%EB%A0%88%EC%8A%A4%ED%86%A0%EB%9E%91/data=!4m7!3m6!1s0x3994fb170412f079:0x55504c7690b2023e!8m2!3d27.6859683!4d84.4370007!16s%2Fg%2F11rhw0bx8g!19sChIJefASBBf7lDkRPgKykHZMUFU?authuser=0&hl=en&rclk=1,Chitwan Hankook Sarang Korean Restaurant 치투완 한국 레스토랑,3.8,45,Korean,, Opens 10AM , Closes 10PM,https://lh5.googleusercontent.com/p/AF1QipNHc17Dnj-IixqL5Ep7-ZCDrwVhxDwesvKj3Nug=w122-h92-k-no,Dine-in,Kerbside pickup,Delivery,658
https://www.google.com/maps/place/Red+Beans+Restro/data=!4m7!3m6!1s0x3994ef3c883040f1:0x804a69e2616f8157!8m2!3d27.6233068!4d84.5118543!16s%2Fg%2F11hy_mgq_k!19sChIJ8UAwiDzvlDkRV4FvYeJpSoA?authuser=0&hl=en&rclk=1,Red Beans Restro,4.1,103,Restaurant,JGF6+8PH, Opens 10AM , Closes 10PM,https://lh5.googleusercontent.com/p/AF1QipPiX9EY3Yu1gKXljVnluCCzpKQY3hpIiQjJDAGX=w122-h92-k-no,Dine-in,Drive-through,Delivery,659
https://www.google.com/maps/place/Hungry+Eye+Restaurant/data=!4m7!3m6!1s0x3994eee3bc38eb85:0x3fd7c55b4dde1e46!8m2!3d27.5774016!4d84.4942832!16s%2Fg%2F1thgffcb!19sChIJhes4vOPulDkRRh7eTVvF1z8?authuser=0&hl=en&rclk=1,Hungry Eye Restaurant,4.3,3,Restaurant,HFGV+XP7, Opens 7AM , Closes 10PM,https://maps.gstatic.com/tactile/pane/result-no-thumbnail-1x.png,Dine-in,Takeaway,Delivery,660
https://www.google.com/maps/place/Dovan+sunset+restaurant/data=!4m7!3m6!1s0x3994ef8219e51f31:0xb2031af40c2efb5d!8m2!3d27.5963026!4d84.4862215!16s%2Fg%2F11fj1pp8xj!19sChIJMR_lGYLvlDkRXfsuDPQaA7I?authuser=0&hl=en&rclk=1,Dovan sunset restaurant,4.1,35,Restaurant,HFWP+GFH, Opens 7AM , Closes 10PM,https://lh5.googleusercontent.com/p/AF1QipPNJ8AFgX5zAoTKFW953Z3PGPUrJCh_8iGC0w0Q=w138-h92-k-no,Dine-in,Takeaway,Delivery,661
https://www.google.com/maps/place/Chitwan/data=!4m7!3m6!1s0x3994fb7ba3d8b023:0x270d517859304c38!8m2!3d27.669213!4d84.428148!16s%2Fg%2F11tfkg4198!19sChIJI7DYo3v7lDkROEwwWXhRDSc?authuser=0&hl=en&rclk=1,Chitwan,5,1,Restaurant,MC9H+M7G, Opens 6AM ,Closes 8PM,https://lh5.googleusercontent.com/p/AF1QipO6aQKlNNygZBRWA4TaG3os1i-Y2QfJ4f8Vka_2=w80-h173-k-no,Dine-in,Takeaway,Delivery,662
https://www.google.com/maps/place/Chitwan+Tharu+Khaja+Ghar/data=!4m7!3m6!1s0x3994ef34f4a485d3:0x375c96f6ce261b57!8m2!3d27.5815339!4d84.4940532!16s%2Fg%2F11h230tqjg!19sChIJ04Wk9DTvlDkRVxsmzvaWXDc?authuser=0&hl=en&rclk=1,Chitwan Tharu Khaja Ghar,4.4,11,Restaurant,Baadreni Road, Opens 7AM , Closes 10PM,https://lh5.googleusercontent.com/p/AF1QipMqJY5h5lV1mTdzTBVJUaKRBiZF59YQp0Ww9QVf=w122-h92-k-no,Dine-in,Drive-through,No-contact delivery,663
https://www.google.com/maps/place/Hamro+Aagan+Restaurant/data=!4m7!3m6!1s0x3994ef32003e8abf:0x579ac865868dfcf!8m2!3d27.6201348!4d84.515896!16s%2Fg%2F11qjjx056q!19sChIJv4o-ADLvlDkRz99oWIaseQU?authuser=0&hl=en&rclk=1,Hamro Aagan Restaurant,3.8,15,Restaurant,"JGC8+392, Cinema Rd",Opens 7AM ,Closes 8PM,https://maps.gstatic.com/tactile/pane/result-no-thumbnail-1x.png,Dine-in,Takeaway,Delivery,664
https://www.google.com/maps/place/Unique+Chinese+Restaurant/data=!4m7!3m6!1s0x3994efedb1a194b1:0xeacebd4401c480f8!8m2!3d27.5826533!4d84.4944117!16s%2Fg%2F11snf7td99!19sChIJsZShse3vlDkR-IDEAUS9zuo?authuser=0&hl=en&rclk=1,Unique Chinese Restaurant,4.7,3,Restaurant,Ratnanagar-6, Opens 6:30AM , Closes 11PM,https://lh5.googleusercontent.com/p/AF1QipPk8WNq3__7Vi092aIuippUsJ2EBfu927Q_TLyU=w80-h142-k-no,Dine-in,Drive-through,No-contact delivery,665
https://www.google.com/maps/place/Sky+%26+Cloud+Bakery+%26+Cafe/data=!4m7!3m6!1s0x3994e918abad2e83:0x46a8475a08d8fcf1!8m2!3d27.612733!4d84.5684821!16s%2Fg%2F11h4v91try!19sChIJgy6tqxjplDkR8fzYCFpHqEY?authuser=0&hl=en&rclk=1,Sky & Cloud Bakery & Cafe,5,3,Restaurant,"JH79+39X, E - W Hwy", Opens 6AM , Closes 10PM,https://maps.gstatic.com/tactile/pane/result-no-thumbnail-1x.png,Dine-in,Takeaway,Delivery,666
https://www.google.com/maps/place/Balesi+Restaurant/data=!4m7!3m6!1s0x3994ef0af6af2731:0xc117bf656eed0f38!8m2!3d27.5773502!4d84.4944116!16s%2Fg%2F11j0qny2h7!19sChIJMSev9grvlDkROA_tbmW_F8E?authuser=0&hl=en&rclk=1,Balesi Restaurant,3.7,12,Restaurant,HFGV+WQV, Opens 6AM , Closes 10PM,https://lh5.googleusercontent.com/p/AF1QipO-u7_o7d_ReVyUxG6XVCyvBNdJjqC2RWYETqN_=w80-h106-k-no,Dine-in,Takeaway,Delivery,667
https://www.google.com/maps/place/ROYAL+INN+Restaurant+And+Bar/data=!4m7!3m6!1s0x3994eee24fb75fa5:0x7ceaa90e70f95abe!8m2!3d27.5792075!4d84.4941293!16s%2Fg%2F11c5_s30ww!19sChIJpV-3T-LulDkRvlr5cA6p6nw?authuser=0&hl=en&rclk=1,ROYAL INN Restaurant And Bar,3.8,14,Restaurant,HFHV+MMJ, Opens 6AM , Closes 10PM,https://lh5.googleusercontent.com/p/AF1QipMrQ8fkMtVwE_sc1L9474MhYUbD7b796AUS9Xmh=w138-h92-k-no,Dine-in,Takeaway,Delivery,668
https://www.google.com/maps/place/Peace+Cafe/data=!4m7!3m6!1s0x3994e5d612eeaed9:0xd0482e90a8ca3ea9!8m2!3d27.6299297!4d84.5192757!16s%2Fg%2F11h7cqzvrn!19sChIJ2a7uEtbllDkRqT7KqJAuSNA?authuser=0&hl=en&rclk=1,Peace Cafe,3.8,15,Restaurant,JGH9+XPC,Opens 7AM ,Closes 8PM,https://maps.gstatic.com/tactile/pane/result-no-thumbnail-1x.png,Dine-in,Takeaway,Delivery,669
"https://www.google.com/maps/place/Manakamana+Hotel,+Tandi/data=!4m7!3m6!1s0x3994ef41a0933101:0x8a57baa26d1484d4!8m2!3d27.6220578!4d84.5118868!16s%2Fg%2F11n065y92n!19sChIJATGToEHvlDkR1IQUbaK6V4o?authuser=0&hl=en&rclk=1","Manakamana Hotel, Tandi",3.9,78,Family-friendly,JGC6+RQC, Opens 7AM , Closes 10PM,https://lh5.googleusercontent.com/p/AF1QipMaS-XCn1518vinJNl4Hnt5kVnIB_Y18y8yDwaJ=w80-h106-k-no,Dine-in,Drive-through,Delivery,670
https://www.google.com/maps/place/Indoor+Restaurant/data=!4m7!3m6!1s0x3994efb305360d73:0xef6fbc7ee83b8956!8m2!3d27.5815826!4d84.4917467!16s%2Fg%2F11fpn24_t3!19sChIJcw02BbPvlDkRVok76H68b-8?authuser=0&hl=en&rclk=1,Indoor Restaurant,4.8,16,Restaurant,"HFJR+JMQ, Baadreni Road", Opens 6AM , Closes 11PM,https://lh5.googleusercontent.com/p/AF1QipOdXSfFu6zfQBueUv79MDKbzh_kGShX6i5Oa_k9=w194-h92-k-no,Dine-in,Takeaway,Delivery,671
https://www.google.com/maps/place/Hunny+Bunny+Restaurant+and+Cafe/data=!4m7!3m6!1s0x3994ef7efb08631d:0x3bfd723ee78bdf6a!8m2!3d27.6234798!4d84.5124206!16s%2Fg%2F11h4mrtwyw!19sChIJHWMI-37vlDkRat-L5z5y_Ts?authuser=0&hl=en&rclk=1,Hunny Bunny Restaurant and Cafe,3.8,32,Restaurant,JGF6+9XV, Opens 9AM , Closes 10:30PM,https://lh5.googleusercontent.com/p/AF1QipNj4RUBdM_RYSte02m4cgKuyuFi0esU028sGu-h=w122-h92-k-no,Dine-in,Takeaway,Delivery,672
"https://www.google.com/maps/place/Gig+House+Restaurant+and+Bar,+Sauraha/data=!4m7!3m6!1s0x3994efde08fa1b1d:0xb880bf51ddad7892!8m2!3d27.5770553!4d84.4946334!16s%2Fg%2F11g18w54w6!19sChIJHRv6CN7vlDkRknit3VG_gLg?authuser=0&hl=en&rclk=1","Gig House Restaurant and Bar, Sauraha",5,2,Restaurant,HFGV+RVC,Opens 7AM ,Closes 8PM,https://lh5.googleusercontent.com/p/AF1QipP5c05hB3XxBC7SfSI4cgp93Hgi0xBzkYW1hgu8=w92-h92-k-no,Dine-in,Takeaway,Delivery,673
https://www.google.com/maps/place/Duna+momo/data=!4m7!3m6!1s0x3994e9ef1cffefad:0xcf11c11fa446d5bf!8m2!3d27.6129882!4d84.5686648!16s%2Fg%2F11ns3q7cz2!19sChIJre__HO_plDkRv9VGpB_BEc8?authuser=0&hl=en&rclk=1,Duna momo,4.4,8,Restaurant,"Rantnanagar-1,Sauraha chowk", Opens 7AM , Closes 8PM,https://lh5.googleusercontent.com/p/AF1QipNkq2iQCdte6PLax9fVk_desQa6ie6Z37Kngm6h=w163-h92-k-no,Dine-in,Drive-through,No-contact delivery,674
https://www.google.com/maps/place/Shanti+Chowk+Masu+Chiura+Restaurant/data=!4m7!3m6!1s0x3994e8ade00f6877:0x90d67a11abd095a3!8m2!3d27.6190959!4d84.5267204!16s%2Fg%2F11c59w7fmp!19sChIJd2gP4K3olDkRo5XQqxF61pA?authuser=0&hl=en&rclk=1,Shanti Chowk Masu Chiura Restaurant,3.5,67,Restaurant,JG9G+JMQ,Opens 7AM , Closes 8PM,https://lh5.googleusercontent.com/p/AF1QipNLdyFXq_z520HQ6VJZo-pcUZOdGbkeD7FE32Tv=w122-h92-k-no,Dine-in,Takeaway,Delivery,675
https://www.google.com/maps/place/Bagar+Restaurant+and+Bar/data=!4m7!3m6!1s0x3994ef2097449991:0x9f98c06b17c317a8!8m2!3d27.5751173!4d84.4933615!16s%2Fg%2F11fn9vf0fm!19sChIJkZlElyDvlDkRqBfDF2vAmJ8?authuser=0&hl=en&rclk=1,Bagar Restaurant and Bar,3.5,32,Restaurant,, Opens 7AM , Closes 10PM,https://lh5.googleusercontent.com/p/AF1QipNHwbuBtVjzSSUAKk0hxVxC1p_j0RkOMA4fKDLu=w122-h92-k-no,Dine-in,Takeaway,Delivery,676
https://www.google.com/maps/place/Family+Guest+House/data=!4m7!3m6!1s0x3994ef049c7d37b3:0xc7ad8a1bfdabaae8!8m2!3d27.5776346!4d84.4944244!16s%2Fg%2F11j7cwczs0!19sChIJszd9nATvlDkR6Kqr_RuKrcc?authuser=0&hl=en&rclk=1,Family Guest House,4.3,3,Restaurant,HFHV+3Q3, Opens 8AM ,Closes 8PM,https://lh5.googleusercontent.com/p/AF1QipPhuyx4Hb2sOFzJ-Uv7jBZmHui_kqtjCwKFYEy-=w163-h92-k-no,Dine-in,Takeaway,Delivery,677
https://www.google.com/maps/place/Samjhana+Sweet+and+Chat+House/data=!4m7!3m6!1s0x3994ef513c18779b:0xa5ea7d7561e589df!8m2!3d27.6221365!4d84.5153037!16s%2Fg%2F1yg578273!19sChIJm3cYPFHvlDkR34nlYXV96qU?authuser=0&hl=en&rclk=1,Samjhana Sweet and Chat House,3.2,6,Restaurant,JGC8+V43,Opens 7AM , Closes 8PM,https://lh5.googleusercontent.com/p/AF1QipPi40KrOAGEPcLw6LUa6Cz-W1_uOoSfo9UW-S9a=w80-h106-k-no,Dine-in,Takeaway,Delivery,678
https://www.google.com/maps/place/Grace+Foodland/data=!4m7!3m6!1s0x3994ef04acca55ad:0x5d883c99ca7693d5!8m2!3d27.6012492!4d84.5097107!16s%2Fg%2F11fkdqh838!19sChIJrVXKrATvlDkR1ZN2ypk8iF0?authuser=0&hl=en&rclk=1,Grace Foodland,5,1,Fast Food,"JG25+FVW, Unnamed Road", Opens 6AM , Closes 10PM,https://lh5.googleusercontent.com/p/AF1QipO0bsdH5jp-rvXik9UzAO_troTZCuSQukzCBSti=w163-h92-k-no,Dine-in,Takeaway,Delivery,679
https://www.google.com/maps/place/Hathan+restaurant+and+fresh+meat+shop/data=!4m7!3m6!1s0x3994ef036f9b2fa7:0xcde38360412f5e3f!8m2!3d27.5809277!4d84.5093104!16s%2Fg%2F11gwl3nn45!19sChIJpy-bbwPvlDkRP14vQWCD480?authuser=0&hl=en&rclk=1,Hathan restaurant and fresh meat shop,5,1,Restaurant,"HGJ5+9PF, museum tole", Opens 9AM , Closes 9PM,https://lh5.googleusercontent.com/p/AF1QipPOWi75ES3iAjt5pPtHBXTILKkO7frLl8OVRkMw=w122-h92-k-no,Dine-in,Takeaway,Delivery,680
https://www.google.com/maps/place/Chitwan+Pate+Dhido+Restaurant/data=!4m7!3m6!1s0x3994fbbd436128a3:0x15ab1bd5b6928f57!8m2!3d27.6764241!4d84.4315556!16s%2Fg%2F11h3k52txt!19sChIJoyhhQ737lDkRV4-SttUbqxU?authuser=0&hl=en&rclk=1,Chitwan Pate Dhido Restaurant,4,271,Nepalese,, Opens 9:30AM , Closes 10PM,https://lh5.googleusercontent.com/p/AF1QipMqp9FG2GJmHWHC-9u_Qlklyu5vK8-FRzL2qBSw=w198-h92-k-no,Dine-in,Drive-through,Delivery,681
https://www.google.com/maps/place/Trinatra+restaurant/data=!4m7!3m6!1s0x3994e9cff83338a3:0x9212f5184a54875b!8m2!3d27.6122377!4d84.5671354!16s%2Fg%2F11n7zkss77!19sChIJozgz-M_plDkRW4dUShj1EpI?authuser=0&hl=en&rclk=1,Trinatra restaurant,3.8,15,Asian,JH68+VVR, Opens 8AM , Closes 6PM,https://maps.gstatic.com/tactile/pane/result-no-thumbnail-1x.png,Dine-in,Takeaway,Delivery,682
https://www.google.com/maps/place/Tandoori+Restaurant/data=!4m7!3m6!1s0x3994fb39a83cd8bb:0xd89e222884ccb49a!8m2!3d27.692163!4d84.4251003!16s%2Fg%2F11c5t1k775!19sChIJu9g8qDn7lDkRmrTMhCgintg?authuser=0&hl=en&rclk=1,Tandoori Restaurant,4.1,382,Restaurant,MCRG+V29, Opens 5AM , Closes 9:30PM,https://lh5.googleusercontent.com/p/AF1QipOK8YHQCKR2QG6_yNz8TYBiPUYBvI8XAzFhzKXX=w122-h92-k-no,Dine-in,Drive-through,Delivery,683
https://www.google.com/maps/place/GODOWN+RESTRO/data=!4m7!3m6!1s0x3994ef841b460d9b:0x184afa9e991d7e8e!8m2!3d27.6260428!4d84.5019788!16s%2Fg%2F11j8hy83kj!19sChIJmw1GG4TvlDkRjn4dmZ76Shg?authuser=0&hl=en&rclk=1,GODOWN RESTRO,4.7,3,Restaurant,"JGG2+CQ9, NA, E - W Hwy", Opens 11AM , Closes 10PM,https://lh5.googleusercontent.com/p/AF1QipNBgOBUAVidj25nRBJ50KUzFPp0BdaDJWlb3X2L=w204-h92-k-no,Dine-in,Takeaway,Delivery,684
https://www.google.com/maps/place/Himchuli+Sweet+House/data=!4m7!3m6!1s0x3994ef78dd70de2b:0x56a1cec693ba75cd!8m2!3d27.62258!4d84.5124596!16s%2Fg%2F11ghn6f_ck!19sChIJK95w3XjvlDkRzXW6k8bOoVY?authuser=0&hl=en&rclk=1,Himchuli Sweet House,4.5,4,Restaurant,Sauraha Chowk 01, Opens 9AM , Closes 8:30PM,https://lh5.googleusercontent.com/p/AF1QipOzcu9UuMGVh6Hd53-8llCy_t50olgPh38nC75K=w80-h106-k-no,Dine-in,Drive-through,Delivery,685
https://www.google.com/maps/place/antique+syanko/data=!4m7!3m6!1s0x3994fba68e1018bb:0xe99c37d745015f1!8m2!3d27.6854553!4d84.4337844!16s%2Fg%2F11h0mm00bd!19sChIJuxgQjqb7lDkR8RVQdH3DmQ4?authuser=0&hl=en&rclk=1,antique syanko,4.1,83,Restaurant,MCPM+5GM, Opens 7AM , Closes 10PM,https://lh5.googleusercontent.com/p/AF1QipPljcD9RXRKRPI7h1qJaVH9ma-pOOQYpts0lWzK=w122-h92-k-no,Dine-in,Takeaway,Delivery,686
https://www.google.com/maps/place/Gothalo+Restro/data=!4m7!3m6!1s0x3994e92363984aa3:0xe1a12c548e2813db!8m2!3d27.5919791!4d84.5722134!16s%2Fg%2F11mvqz8ldv!19sChIJo0qYYyPplDkR2xMojlQsoeE?authuser=0&hl=en&rclk=1,Gothalo Restro,3.6,7,Restaurant,"HHRC+QVW, Badhagau - Sultana Rd",Opens 7AM , Closes 10PM,https://lh5.googleusercontent.com/p/AF1QipNsmWmerVVTuzIdl8YoNbgOo_syTJm4TJz4G-QU=w199-h92-k-no,Dine-in,Takeaway,Delivery,687
https://www.google.com/maps/place/Aalishan+Restaurant+And+Refreshment+Center/data=!4m7!3m6!1s0x3994e5dcf0919955:0xacece77c44bff29a!8m2!3d27.6565303!4d84.5143586!16s%2Fg%2F11g8bxl0d1!19sChIJVZmR8NzllDkRmvK_RHzn7Kw?authuser=0&hl=en&rclk=1,Aalishan Restaurant And Refreshment Center,4.3,18,Restaurant,Ratnanagar, Opens 8AM , Closes 5PM,https://lh5.googleusercontent.com/p/AF1QipNT6xFb5U8FDRjdWKUTiLf-ExDtCMDhQ51HXVdJ=w122-h92-k-no,Dine-in,Takeaway,Delivery,688
https://www.google.com/maps/place/PK+Momo+Restaurant/data=!4m7!3m6!1s0x3994ef0dc5b3faf7:0xa38efb2a265b6692!8m2!3d27.6198917!4d84.5157231!16s%2Fg%2F11fn6st69g!19sChIJ9_qzxQ3vlDkRkmZbJir7jqM?authuser=0&hl=en&rclk=1,PK Momo Restaurant,4.1,7,Restaurant,JG98+X75, Opens 7AM , Closes 9PM,https://lh5.googleusercontent.com/p/AF1QipMwFDPF7MXLpaR-tx2tjzlgDHcBdX6i519evjm-=w199-h92-k-no,Dine-in,Takeaway,Delivery,689
https://www.google.com/maps/place/Sukul+restaurant/data=!4m7!3m6!1s0x3994efcc678fd521:0x2be9f045ab11d517!8m2!3d27.6218544!4d84.5135354!16s%2Fg%2F11s49yw1_f!19sChIJIdWPZ8zvlDkRF9URq0Xw6Ss?authuser=0&hl=en&rclk=1,Sukul restaurant,3,14,Nepalese,"JGC7+PCV, सौराहा रोड", Opens 6AM ,Closes 8PM,https://lh5.googleusercontent.com/p/AF1QipNOrW-x3GAxHrMHdU-FE53xTqBkeV4g0Qk8nuNH=w80-h106-k-no,Dine-in,Takeaway,Delivery,690
https://www.google.com/maps/place/Sauraha+Beach+Restaurant+%26+BAR/data=!4m7!3m6!1s0x3994eee46526181f:0x5fb41a675d7e280a!8m2!3d27.5749285!4d84.4938044!16s%2Fg%2F11ddxp8t4h!19sChIJHxgmZeTulDkRCih-XWcatF8?authuser=0&hl=en&rclk=1,Sauraha Beach Restaurant & BAR,4.1,55,Restaurant,HFFV+XGF, Opens 9AM , Closes 10PM,https://lh5.googleusercontent.com/p/AF1QipM0d7YJnoVLAdnlZgKZv68TmTj8E8-HYm9bVdTV=w122-h92-k-no,Dine-in,Takeaway,Delivery,691
https://www.google.com/maps/place/Pancakes%26+Paws/data=!4m7!3m6!1s0x3994ef5aaaaaaaaf:0x7145bc01cff6bf5d!8m2!3d27.5980307!4d84.5053792!16s%2Fg%2F11gf9d_ssg!19sChIJr6qqqlrvlDkRXb_2zwG8RXE?authuser=0&hl=en&rclk=1,Pancakes& Paws,4.8,54,Restaurant,Chitrasari Bridge, Opens 9AM , Closes 5PM,https://lh5.googleusercontent.com/p/AF1QipPz_aq8ZPdJaQkYximtu5TB5mTTL3ZS3LR1OU88=w122-h92-k-no,Dine-in,Takeaway,Delivery,692
https://www.google.com/maps/place/New+Chitwan+Cafe%27+and+Restaurant/data=!4m7!3m6!1s0x3994fb63fe3193f7:0x9be5b17c8807745b!8m2!3d27.694147!4d84.4227038!16s%2Fg%2F11h2brvnxy!19sChIJ95Mx_mP7lDkRW3QHiHyx5Zs?authuser=0&hl=en&rclk=1,New Chitwan Cafe' and Restaurant,1,1,Restaurant,Sangam Road( infront of ganesh market or behind of NCC Bank, Opens 8AM , Closes 10PM,https://lh5.googleusercontent.com/p/AF1QipPwi8BcrKyyT-_TRVHF20hzLfs0Lk5P11K4qmlg=w138-h92-k-no,Dine-in,Takeaway,Delivery,693
https://www.google.com/maps/place/Rashmi+MO+MO+Restaurant/data=!4m7!3m6!1s0x3994ef50a5f02589:0x616be7766deb2917!8m2!3d27.6223374!4d84.5120864!16s%2Fg%2F11d_bb23kx!19sChIJiSXwpVDvlDkRFynrbXbna2E?authuser=0&hl=en&rclk=1,Rashmi MO MO Restaurant,4.3,4,Restaurant,JGC6+WRP, Opens 6AM , Closes 9PM,https://maps.gstatic.com/tactile/pane/result-no-thumbnail-1x.png,Dine-in,Takeaway,Delivery,694
https://www.google.com/maps/place/Solti+MOMO+Restaurant/data=!4m7!3m6!1s0x3994e94b29c8743d:0xc8b9011dd9f957e4!8m2!3d27.6119971!4d84.56913!16s%2Fg%2F11ll9nwqkw!19sChIJPXTIKUvplDkR5Ff52R0Bucg?authuser=0&hl=en&rclk=1,Solti MOMO Restaurant,5,2,Nepalese,JH69+QMR, Opens 10AM , Closes 10PM,https://lh5.googleusercontent.com/p/AF1QipOqyU8Z4t-qvDkcquGy9AVtRzBmDxy6vAhIJKjL=w163-h92-k-no,Dine-in,Takeaway,Delivery,695
https://www.google.com/maps/place/CHULHO/data=!4m7!3m6!1s0x3994fb38b462c4ef:0x5fa36798de8a41a9!8m2!3d27.6942645!4d84.4227429!16s%2Fg%2F11dxhcpctp!19sChIJ78RitDj7lDkRqUGK3phno18?authuser=0&hl=en&rclk=1,CHULHO,3.8,436,Restaurant,"Saheed Chowk, E - W Hwy", Opens 8AM , Closes 10PM,https://lh5.googleusercontent.com/p/AF1QipN-XvO2T-D7p8NY3adXSqkH-hMzUJ33lWlX0cm3=w122-h92-k-no,Dine-in,Takeaway,Delivery,696
https://www.google.com/maps/place/Hotel+Shanti+Masu+Chiura/data=!4m7!3m6!1s0x3994e9c586471091:0xf77c13da7763b664!8m2!3d27.6193966!4d84.5271781!16s%2Fg%2F11r_xy49gq!19sChIJkRBHhsXplDkRZLZjd9oTfPc?authuser=0&hl=en&rclk=1,Hotel Shanti Masu Chiura,3.5,8,Restaurant,JG9G+QV3,Opens 7AM , Closes 10PM,https://lh5.googleusercontent.com/p/AF1QipPLVwiiB1mGQ_lvwypY_kqf78eFVeGyrj27RKSJ=w122-h92-k-no,Dine-in,Takeaway,Delivery,697
https://www.google.com/maps/place/Saugat+Sweets/data=!4m7!3m6!1s0x3994e5c22ae2f38f:0x92c33866151d26b4!8m2!3d27.629556!4d84.4963734!16s%2Fg%2F11hz6c6mct!19sChIJj_PiKsLllDkRtCYdFWY4w5I?authuser=0&hl=en&rclk=1,Saugat Sweets,4.3,4,Vegetarian,Bhanu Chowk Bus Stop, Opens 12PM , Closes 9:30PM,https://lh5.googleusercontent.com/p/AF1QipNja7PgBZ9yPpxxPcCweNjdY4TBpwTJ-IEbppLL=w80-h106-k-no,Dine-in,Takeaway,Delivery,698
https://www.google.com/maps/place/Khaaidim/data=!4m7!3m6!1s0x3994efc5afb768d9:0xfca0e3a091e816da!8m2!3d27.6240811!4d84.5107451!16s%2Fg%2F11fszkyg9t!19sChIJ2Wi3r8XvlDkR2hbokaDjoPw?authuser=0&hl=en&rclk=1,Khaaidim,4,5,Fast Food,E - W Hwy,Opens 7AM , Closes 7:30PM,https://lh5.googleusercontent.com/p/AF1QipMt_tGCQkO8DuaitBSzF9nGvTGRd7KHVG3obw9e=w126-h92-k-no,Dine-in,Drive-through,Delivery,699
https://www.google.com/maps/place/New+Resunga+Restaurant+and+Fast+Food/data=!4m7!3m6!1s0x3994fb3264f88f99:0x676de79029a3fae3!8m2!3d27.6852411!4d84.435159!16s%2Fg%2F11g735ls3t!19sChIJmY_4ZDL7lDkR4_qjKZDnbWc?authuser=0&hl=en&rclk=1,New Resunga Restaurant and Fast Food,4,66,Restaurant,"MCPP+33V, Chitrasen Marga",Opens 7AM , Closes 9PM,https://lh5.googleusercontent.com/p/AF1QipOGweJli7o5wsaI9jXyMiyZWJSs4ZfCDqZdT3-Z=w122-h92-k-no,Dine-in,Takeaway,Delivery,700
https://www.google.com/maps/place/Shrestha+Restaurant/data=!4m7!3m6!1s0x3994ef46eef57157:0xb888ece9a3b4558f!8m2!3d27.6153003!4d84.5160068!16s%2Fg%2F11txpgrzm1!19sChIJV3H17kbvlDkRj1W0o-nsiLg?authuser=0&hl=en&rclk=1,Shrestha Restaurant,3.8,15,Restaurant,, Opens 6AM ,Closes 8PM,https://maps.gstatic.com/tactile/pane/result-no-thumbnail-1x.png,Dine-in,Takeaway,Delivery,701
https://www.google.com/maps/place/GUPTA+CHATPAT/data=!4m7!3m6!1s0x3994ef7b18f807af:0xccc3729afdb66216!8m2!3d27.6228947!4d84.5079077!16s%2Fg%2F11jmbh4h4r!19sChIJrwf4GHvvlDkRFmK2_Zpyw8w?authuser=0&hl=en&rclk=1,GUPTA CHATPAT,5,1,Fast Food,"JGF5+553, E - W Hwy", Opens 8AM , Closes 8PM,https://maps.gstatic.com/tactile/pane/result-no-thumbnail-1x.png,Dine-in,Takeaway,Delivery,702
https://www.google.com/maps/place/Pathivara+Restaurant+and+Lodge/data=!4m7!3m6!1s0x3994e90dd8220d11:0xedd021f61c630b14!8m2!3d27.6128134!4d84.568935!16s%2Fg%2F11txpnjt1t!19sChIJEQ0i2A3plDkRFAtjHPYh0O0?authuser=0&hl=en&rclk=1,Pathivara Restaurant and Lodge,3.8,15,Family-friendly,"JH79+4H3, E - W Hwy", Opens 8AM ,Closes 8PM,https://maps.gstatic.com/tactile/pane/result-no-thumbnail-1x.png,Dine-in,Takeaway,Delivery,703
https://www.google.com/maps/place/Bohara+chowk+chitwan/data=!4m7!3m6!1s0x3994e5c7eb1ea0cd:0x92291f056b576ff7!8m2!3d27.6987621!4d84.4575579!16s%2Fg%2F11s5zjv86c!19sChIJzaAe68fllDkR929XawUfKZI?authuser=0&hl=en&rclk=1,Bohara chowk chitwan,3,1,Asian,MFX5+G23, Opens 6AM ,Closes 8PM,https://maps.gstatic.com/tactile/pane/result-no-thumbnail-1x.png,Dine-in,Takeaway,Delivery,704
https://www.google.com/maps/place/Sauraha+Tandoori+Kitchen+%26+Lodge/data=!4m7!3m6!1s0x3994ef5270779795:0x598beb5c2c4467f!8m2!3d27.5792022!4d84.4941311!16s%2Fg%2F11m_h7jbp4!19sChIJlZd3cFLvlDkRf0bEwrW-mAU?authuser=0&hl=en&rclk=1,Sauraha Tandoori Kitchen & Lodge,4.4,133,Nepalese,Sauraha Road, Opens 6AM , Closes 11PM,https://lh5.googleusercontent.com/p/AF1QipPm5uBvZYo0YFmtbakILihPmT4YWwzJ9CKEbckq=w163-h92-k-no,Dine-in,Takeaway,Delivery,705
https://www.google.com/maps/place/Nirvana+Resort+and+Party+Palace+Pvt.+Ltd./data=!4m7!3m6!1s0x3994e5a7e7bbeb9b:0x6423fabf3fd2979!8m2!3d27.6854624!4d84.4495559!16s%2Fg%2F11fqq69x_8!19sChIJm-u756fllDkReSn986s_QgY?authuser=0&hl=en&rclk=1,Nirvana Resort and Party Palace Pvt. Ltd.,3.8,56,Restaurant,, Opens 7AM , Closes 5PM,https://lh5.googleusercontent.com/p/AF1QipMnw2tAJtCPhmrvPWgejPSFwwHfo09ytryzqPlI=w163-h92-k-no,Dine-in,Takeaway,Delivery,706
https://www.google.com/maps/place/Diyalo+Foodland+Restaurant+%26+Banquet+Chitwan+Pvt+Ltd/data=!4m7!3m6!1s0x3994fbbf77b400eb:0x83901262ae7b26d!8m2!3d27.6930712!4d84.4332649!16s%2Fg%2F11qrkkv3nr!19sChIJ6wC0d7_7lDkRbbLnKiYBOQg?authuser=0&hl=en&rclk=1,Diyalo Foodland Restaurant & Banquet Chitwan Pvt Ltd,4.1,208,Restaurant,Bikram Marga, Opens 8AM , Closes 10PM,https://lh5.googleusercontent.com/p/AF1QipPUyJXK8lDqmZBO-wBEjfJLG-R8fJQkB7kTX9o5=w163-h92-k-no,Dine-in,Drive-through,No-contact delivery,707
https://www.google.com/maps/place/Dark+nature+restaurant/data=!4m7!3m6!1s0x3994efc28ebca083:0x884d262a35e3bad5!8m2!3d27.5741907!4d84.5015034!16s%2Fg%2F11jyl8_tr8!19sChIJg6C8jsLvlDkR1brjNSomTYg?authuser=0&hl=en&rclk=1,Dark nature restaurant,1,1,Restaurant,HGF2+MJC,Opens 7AM ,Closes 8PM,https://lh5.googleusercontent.com/p/AF1QipOvQO59gaHc21Yw-FaXrxNI3A675XSS9-SiGzvv=w122-h92-k-no,Dine-in,Takeaway,Delivery,708
https://www.google.com/maps/place/Jhigu+Restaurant/data=!4m7!3m6!1s0x3994ef53b6dc01e9:0xa3351cdc0bd0813f!8m2!3d27.6210014!4d84.5189052!16s%2Fg%2F11b70jcqf1!19sChIJ6QHctlPvlDkRP4HQC9wcNaM?authuser=0&hl=en&rclk=1,Jhigu Restaurant,4.2,29,Restaurant,"JGC9+CH2, AH2",Opens 7AM , Closes 10PM,https://lh5.googleusercontent.com/p/AF1QipNOMzTT2S3F5sigX3EkGOQwzzNUNePNBE_pJHDj=w163-h92-k-no,Dine-in,Takeaway,Delivery,709
https://www.google.com/maps/place/Aarohi+biryani+corner+and+restaurant/data=!4m7!3m6!1s0x3994ef709edc17e5:0x237a438c38bbc717!8m2!3d27.6247706!4d84.5060906!16s%2Fg%2F11mvr4w545!19sChIJ5RfcnnDvlDkRF8e7OIxDeiM?authuser=0&hl=en&rclk=1,Aarohi biryani corner and restaurant,3,2,Restaurant,JGF4+WC4,Opens 7AM , Opens 6AM ,https://lh5.googleusercontent.com/p/AF1QipM06QeuACyFUF4S-5EUruZL705rexNdSncmoWP7=w80-h106-k-no,Dine-in,Drive-through,Delivery,710
https://www.google.com/maps/place/Monalisa+Khaja+Ghar/data=!4m7!3m6!1s0x3994ef6f91af9a4d:0x2f55288b149c2b31!8m2!3d27.5744742!4d84.4984327!16s%2Fg%2F11spwrcpnc!19sChIJTZqvkW_vlDkRMSucFIsoVS8?authuser=0&hl=en&rclk=1,Monalisa Khaja Ghar,5,9,Family-friendly,,Opens 7AM , Closes 9PM,https://lh5.googleusercontent.com/p/AF1QipPvLVi-l-qfgON4Owy1nod0QqlMyuo-wQ6kHeTJ=w122-h92-k-no,Dine-in,Kerbside pickup,No-contact delivery,711
https://www.google.com/maps/place/Newari+Khaja+house/data=!4m7!3m6!1s0x3994e9cde17334b5:0x6806861dcdfb150b!8m2!3d27.6049254!4d84.5568976!16s%2Fg%2F11pv574n9q!19sChIJtTRz4c3plDkRCxX7zR2GBmg?authuser=0&hl=en&rclk=1,Newari Khaja house,3,3,Asian,JH34+XQC, Opens 8PM , Closes 9PM,https://maps.gstatic.com/tactile/pane/result-no-thumbnail-1x.png,Dine-in,Takeaway,Delivery,712
https://www.google.com/maps/place/The+Aati+kuti+Hotel/data=!4m7!3m6!1s0x3994e9fca20e0787:0xc83986fb36b89f71!8m2!3d27.6175384!4d84.5402358!16s%2Fg%2F11kqd1mdys!19sChIJhwcOovzplDkRcZ-4NvuGOcg?authuser=0&hl=en&rclk=1,The Aati kuti Hotel,4.7,3,Restaurant,JG9R+25W, Opens 7AM ,Closes 8PM,https://lh5.googleusercontent.com/p/AF1QipN1kBNgUxjEwvyzgpo8xQGh7dMqtwNKfFpfQzEf=w122-h92-k-no,Dine-in,Takeaway,Delivery,713
https://www.google.com/maps/place/D+Sir+Cafe/data=!4m7!3m6!1s0x3994fb0ca7c3a319:0x2d272ab2a9542466!8m2!3d27.6870424!4d84.4314102!16s%2Fg%2F11jcjngrt6!19sChIJGaPDpwz7lDkRZiRUqbIqJy0?authuser=0&hl=en&rclk=1,D Sir Cafe,4.3,102,Restaurant,MCPJ+RH7, Opens 7AM , Closes 9:30PM,https://lh5.googleusercontent.com/p/AF1QipMAUL_V_JeuODs8gE0yyYg-wR0ey8_PB0IUMZCe=w200-h92-k-no,Dine-in,Drive-through,Delivery,714
https://www.google.com/maps/place/Thakali+Mandro+Kitchen/data=!4m7!3m6!1s0x3994ef77615f8349:0xe6de83d3aa98ebde!8m2!3d27.6230057!4d84.5122537!16s%2Fg%2F11ns7_fqwy!19sChIJSYNfYXfvlDkR3uuYqtOD3uY?authuser=0&hl=en&rclk=1,Thakali Mandro Kitchen,3.4,5,Family-friendly,"JGF6+6W2, E - W Hwy", Opens 6AM ,Closes 8PM,https://lh5.googleusercontent.com/p/AF1QipP3MXmlgenJwlkiWtWies1Cnn-BaMqubEo0opCO=w80-h106-k-no,Dine-in,Takeaway,Delivery,715
https://www.google.com/maps/place/The+Parsa+Thakali+Khana+Ghar+And+Restaurant/data=!4m7!3m6!1s0x3994e9b1ef4e70bf:0x9546208f2cd4a0cf!8m2!3d27.6127991!4d84.5646547!16s%2Fg%2F11j0bgmccs!19sChIJv3BO77HplDkRz6DULI8gRpU?authuser=0&hl=en&rclk=1,The Parsa Thakali Khana Ghar And Restaurant,3,11,Restaurant,JH77+4V6,Opens 7AM ,Closes 8PM,https://lh5.googleusercontent.com/p/AF1QipMoRrfmVycFFgiVeV_NnLY3WEX2ZENdhiVChuAZ=w163-h92-k-no,Dine-in,Drive-through,Delivery,716
https://www.google.com/maps/place/New+Dhaulagiri+Restaurant/data=!4m7!3m6!1s0x3994ee5baf253b29:0x1422c2013394eda8!8m2!3d27.6233661!4d84.5120048!16s%2Fg%2F11g6mr7624!19sChIJKTslr1vulDkRqO2UMwHCIhQ?authuser=0&hl=en&rclk=1,New Dhaulagiri Restaurant,3.7,64,Restaurant,"JGF6+8RR, Sauraha Road", Opens 6AM ,Closes 8PM,https://lh5.googleusercontent.com/p/AF1QipNP1eJBnGeoLjfEc_XRf5Y_kaoMCMr_owfvstPW=w122-h92-k-no,Dine-in,Takeaway,Delivery,717
https://www.google.com/maps/place/Gs+cafe+and+bar/data=!4m7!3m6!1s0x3994e9b6339b44b3:0x324340fb430aaad8!8m2!3d27.6121986!4d84.5739114!16s%2Fg%2F11rww__2rp!19sChIJs0SbM7bplDkR2KoKQ_tAQzI?authuser=0&hl=en&rclk=1,Gs cafe and bar,5,1,Restaurant,, Opens 7AM , Closes 8PM,https://lh5.googleusercontent.com/p/AF1QipMhopltfV2QOOCWPNWDDoph7CuEAhcT92kRcE8d=w122-h92-k-no,Dine-in,Kerbside pickup,Delivery,718
https://www.google.com/maps/place/COZY+COCO+cafe/data=!4m7!3m6!1s0x3994fb7b89a5ea01:0x5a708057e1731a7e!8m2!3d27.6837852!4d84.4330566!16s%2Fg%2F11fqxwnrb1!19sChIJAeqliXv7lDkRfhpz4VeAcFo?authuser=0&hl=en&rclk=1,COZY COCO cafe,4.8,5,Restaurant,MCMM+G67, Opens 7AM , Closes 8:15PM,https://lh5.googleusercontent.com/p/AF1QipOtbSS4e3ey5FuvnllWfRQaB5v13iu29VMavr_X=w80-h106-k-no,Dine-in,Takeaway,Delivery,719
