URL,Title,Rating,Total ratings,Type of restaurant,location,Opening Hours,Closing Hours,Image URL,dining service,Dining service2,Delivery service
https://www.google.com/maps/place/Kathmandu+Steak+House+Restaurant/data=!4m7!3m6!1s0x39eb18f81b06bf89:0x77c3fd812a054ca2!8m2!3d27.7135653!4d85.3103256!16s%2Fg%2F1hc11yqqy!19sChIJib8GG_gY6zkRokwFKoH9w3c?authuser=0&hl=en&rclk=1,Kathmandu Steak House Restaurant,4.5,802,Sports bar,Chaksibari Marg,Opens 8AM, Closes 10PM,https://lh5.googleusercontent.com/p/AF1QipM0-LyIemkJaAcu3tuaRTrpFXZhV0vhsGB4iCTt=w138-h92-k-no,Dine-in,Takeaway,Delivery
https://www.google.com/maps/place/The+Best+Kathmandu+Kitchen/data=!4m7!3m6!1s0x39eb18fd2375e4cf:0x43157997b8246e38!8m2!3d27.715688!4d85.3115404!16s%2Fg%2F11b5yyxqhs!19sChIJz-R1I_0Y6zkROG4kuJd5FUM?authuser=0&hl=en&rclk=1,The Best Kathmandu Kitchen,4.4,354,Restaurant,"Thamel-26,Bhagawatisthan", Opens 10AM, Closes 11PM,https://lh5.googleusercontent.com/p/AF1QipO-JkgB-uRETgnW-Au7XI8PBcmlA6Sspr708eeX=w122-h92-k-no,Dine-in,Takeaway,Delivery
https://www.google.com/maps/place/Sapporo+Japanese+Restaurant+Kathmandu/data=!4m7!3m6!1s0x39eb1915c359a2ab:0xac8c4c7d6ee2b6f2!8m2!3d27.727242!4d85.3299633!16s%2Fg%2F11d_70yhpm!19sChIJq6JZwxUZ6zkR8rbibn1MjKw?authuser=0&hl=en&rclk=1,Sapporo Japanese Restaurant Kathmandu,4.4,413,Authentic Japanese,Anamika Marg Baluwatar opposite Russian Embassy next to My Second Teacher Kathmandu, Opens 9AM, Closes 8:30PM,https://lh5.googleusercontent.com/p/AF1QipOu_gnM9_A24nGNieA_b5yHAQFCxcEgUWYPNkg2=w122-h92-k-no,Dine-in,Drive-through,No-contact delivery
https://www.google.com/maps/place/Yangling+Tibetan+Restaurant/data=!4m7!3m6!1s0x39eb18fcc6085943:0xabee5108aec7aefc!8m2!3d27.7159576!4d85.3071538!16s%2Fg%2F1thk_7_y!19sChIJQ1kIxvwY6zkR_K7HrghR7qs?authuser=0&hl=en&rclk=1,Yangling Tibetan Restaurant,4.5,"1,007",Tibetan,Kaldhara Marg, Opens 11AM, Closes 9PM,https://lh5.googleusercontent.com/p/AF1QipMRhmyebYdC6QCYIhl2YOmBtXR6b7OJMRdSFEc3=w137-h92-k-no,Dine-in,Takeaway,Delivery
https://www.google.com/maps/place/Kathmandu+Grill+Restaurant/data=!4m7!3m6!1s0x39eb18e2eb6a5285:0xca8ae8a5e738c601!8m2!3d27.7162317!4d85.3098124!16s%2Fg%2F11fzf9jvkv!19sChIJhVJq6-IY6zkRAcY456Xoiso?authuser=0&hl=en&rclk=1,Kathmandu Grill Restaurant,4.7,504,Grill,Chaksibari Marg, Opens 12PM, Closes 11PM,https://lh5.googleusercontent.com/p/AF1QipO1CT1SWjCAzVf5lZI8apGy5S9ng18EMErmnLtb=w122-h92-k-no,Dine-in,Drive-through,Delivery
https://www.google.com/maps/place/Third+Eye+Restaurant-+Best+Indian+Restaurant/data=!4m7!3m6!1s0x39eb18fcf1043c2b:0xf80d0a9fe4bccee6!8m2!3d27.7144278!4d85.3101163!16s%2Fg%2F11btm2q144!19sChIJKzwE8fwY6zkR5s685J8KDfg?authuser=0&hl=en&rclk=1,Third Eye Restaurant- Best Indian Restaurant,4.4,"1,198",Indian,J.P. Road, Opens 7AM, Closes 10PM,https://lh5.googleusercontent.com/p/AF1QipOiyejxtizauaAUOULHBTVWOi_zQezBCFlzisqN=w138-h92-k-no,Dine-in,Takeaway,No-contact delivery
https://www.google.com/maps/place/Forest+%26+Plate/data=!4m7!3m6!1s0x39eb18fce1f0addd:0x1140945457f367bb!8m2!3d27.7151457!4d85.3109602!16s%2Fg%2F11c6zw7y7h!19sChIJ3a3w4fwY6zkRu2fzV1SUQBE?authuser=0&hl=en&rclk=1,Forest & Plate,4.7,608,Restaurant,Mandala Street, Opens 11AM, Closes 9:30PM,https://lh5.googleusercontent.com/p/AF1QipMSrrw-1DhPUmpnnovLVqBJpv5zkMHaqGn0Coae=w163-h92-k-no,Dine-in,Takeaway,No-contact delivery
https://www.google.com/maps/place/Nepalaya+Rooftop+Restaurant/data=!4m7!3m6!1s0x39eb1928b963e0d1:0xecbfbd14d4d2bc16!8m2!3d27.7119973!4d85.3113102!16s%2Fg%2F11j4w9s6x3!19sChIJ0eBjuSgZ6zkRFrzS1BS9v-w?authuser=0&hl=en&rclk=1,Nepalaya Rooftop Restaurant,4.7,492,Nepalese,"Inside Hotel Nepalaya, Thamel, Kwabahal-17", Opens 11AM, Closes 10PM,https://lh5.googleusercontent.com/p/AF1QipP_vna4_p154VptORbqEsjxSB9lHEUrmmHaLr_r=w138-h92-k-no,Dine-in,Takeaway,No-contact delivery
https://www.google.com/maps/place/OR2K/data=!4m7!3m6!1s0x39eb18fce2fbafef:0xb6e9822f398bdb21!8m2!3d27.7147897!4d85.3109884!16s%2Fg%2F1td7g44q!19sChIJ76_74vwY6zkRIduLOS-C6bY?authuser=0&hl=en&rclk=1,OR2K,4.3,"2,151",Organic,Mandala Street, Opens 6:30AM, Closes 11PM,https://lh5.googleusercontent.com/p/AF1QipOY9VPjvhg9qNtupkf4Zhgo4td0GIVSHKewmjBp=w122-h92-k-no,Dine-in,Takeaway,No-contact delivery
https://www.google.com/maps/place/Places+Restaurant+and+Bar/data=!4m7!3m6!1s0x39eb18fcb901a9f3:0x6a3474739ee7d9ff!8m2!3d27.7156042!4d85.3104157!16s%2Fg%2F11b61rjfzm!19sChIJ86kBufwY6zkR_9nnnnN0NGo?authuser=0&hl=en&rclk=1,Places Restaurant and Bar,4.4,528,Vegetarian,Chaksibari Marg, Opens 9AM, Closes 11PM,https://lh5.googleusercontent.com/p/AF1QipOHRlTBdLkpdWog85f-Q47rLRAYeyO-w985xu-w=w122-h92-k-no,Dine-in,Takeaway,No-contact delivery
https://www.google.com/maps/place/THAMEL+HOUSE+RESTAURANT/data=!4m7!3m6!1s0x39eb18e2cce54d2f:0xb4bb919dc16ae274!8m2!3d27.716975!4d85.3118819!16s%2Fg%2F11c0qgyqtt!19sChIJL03lzOIY6zkRdOJqwZ2Ru7Q?authuser=0&hl=en&rclk=1,THAMEL HOUSE RESTAURANT,4.1,335,Nepalese,Thamel Marg 1, Opens 8AM, Closes 10PM,https://lh5.googleusercontent.com/p/AF1QipNt7Ekrb88C_jB2I2CGbWNUepJQUxcYDd-pcCqk=w163-h92-k-no,Dine-in,Takeaway,No-contact delivery
https://www.google.com/maps/place/Thamel+Doner+Kebab/data=!4m7!3m6!1s0x39eb18e33066c6f1:0x6eebff496238d965!8m2!3d27.7174357!4d85.3102058!16s%2Fg%2F11g5_f38nt!19sChIJ8cZmMOMY6zkRZdk4Ykn_624?authuser=0&hl=en&rclk=1,Thamel Doner Kebab,4.6,809,Restaurant,"Near kathmandu grand hotel, Chaksibari Marg", Opens 7:30AM, Closes 10PM,https://lh5.googleusercontent.com/p/AF1QipPaVeR4NIa4xtSn2IapL_GWwGGGHdiEooelFof9=w122-h92-k-no,Dine-in,Takeaway,No-contact delivery
https://www.google.com/maps/place/The+Chimney+Restaurant/data=!4m7!3m6!1s0x39eb1904179f8e29:0xc54ed3193e7ee496!8m2!3d27.7113194!4d85.3200713!16s%2Fg%2F11b6ryv9q2!19sChIJKY6fFwQZ6zkRluR-PhnTTsU?authuser=0&hl=en&rclk=1,The Chimney Restaurant,4.3,261,Fine Dining,"Hotel Yak & Yeti, Durbar Marg", Opens 12PM, Closes 10:30PM,https://lh5.googleusercontent.com/p/AF1QipPilUHcbVmEiQmHs8OqfZEP_Ek78HoyfKZaXM9G=w137-h92-k-no,Dine-in,Takeaway,Delivery
https://www.google.com/maps/place/Kathmandu+Kitchen/data=!4m7!3m6!1s0x39eb19010963716d:0xb6ae803ac1a53df8!8m2!3d27.709277!4d85.3153341!16s%2Fg%2F11btm395vd!19sChIJbXFjCQEZ6zkR-D2lwTqArrY?authuser=0&hl=en&rclk=1,Kathmandu Kitchen,4,32,Fast Food,, Opens 12PM, Closes 9:30PM,https://lh3.googleusercontent.com/gps-proxy/AFm_dcTYuTEDT7gkRtl6J8CTAX22Z9TcGjpBp-AzAEISVhepm7qfplec0O6BiokIjZw5WWIcKNAkcztNmUGv6ptbDcXO2BMBOqMSl3G-S8xyzynTro9oNb9MS7QUGOg3oc8-hTzpKQ8Rd8HDC9KC7KIFfsqPkTD295ehY0dKRAItGd3KKKLVXfjxRzZ89mb0CKvS-fzXjQ=w163-h92-k-no,Dine-in,Takeaway,Delivery
https://www.google.com/maps/place/Krishnarpan+Nepali+Restaurant/data=!4m7!3m6!1s0x39eb199d7351fe9b:0x8cf7ccd1a20a47ca!8m2!3d27.7047232!4d85.3424111!16s%2Fg%2F11csqqr99t!19sChIJm_5Rc50Z6zkRykcKotHM94w?authuser=0&hl=en&rclk=1,Krishnarpan Nepali Restaurant,4.6,242,Nepalese,"P83R+VXM, Battisputali Rd", Opens 9AM, Opens 6PM,https://lh5.googleusercontent.com/p/AF1QipOOsMdlTaFDCBjuVrB9LD_Cdf_ZPyppS9qs7qwL=w122-h92-k-no,Dine-in,Takeaway,Delivery
https://www.google.com/maps/place/Paleti+Bhanchha+Ghar/data=!4m7!3m6!1s0x39eb18fc3dfab405:0xf2a8358d39762443!8m2!3d27.71208!4d85.310173!16s%2Fg%2F11g8z_tg7t!19sChIJBbT6PfwY6zkRQyR2OY01qPI?authuser=0&hl=en&rclk=1,Paleti Bhanchha Ghar,4.4,214,Nepalese,J P Marg, Opens 6PM, Closes 10PM,https://lh5.googleusercontent.com/p/AF1QipNx0vkYcVDwhx4XRc6f2G01jqhX-_r4GPKU0LBW=w122-h92-k-no,Dine-in,Takeaway,Delivery
https://www.google.com/maps/place/Dechenling+Garden+Restaurant/data=!4m7!3m6!1s0x39eb19029cab6f6b:0x99ae03ed89abd859!8m2!3d27.7147224!4d85.3139532!16s%2Fg%2F1xtd__03!19sChIJa2-rnAIZ6zkRWdirie0Drpk?authuser=0&hl=en&rclk=1,Dechenling Garden Restaurant,4.2,525,Tibetan,Keshar Mahal Marg, Opens 10AM, Closes 11PM,https://lh5.googleusercontent.com/p/AF1QipPuFIX4J06mwdUQlGrx-mFnAJVom9Pdp4O6VpxT=w122-h92-k-no,Dine-in,Takeaway,Delivery
https://www.google.com/maps/place/K-Too!+Steakhouse+%26+Restaurant/data=!4m7!3m6!1s0x39eb18fcfd51fba3:0x3a035adf92bf3045!8m2!3d27.714684!4d85.3108649!16s%2Fg%2F11b6j39mj6!19sChIJo_tR_fwY6zkRRTC_kt9aAzo?authuser=0&hl=en&rclk=1,K-Too! Steakhouse & Restaurant,4.1,204,Western,Paryatan Marg, Opens 10AM, Closes 10PM,https://lh5.googleusercontent.com/p/AF1QipPBEqDwXrHHgVn5frojVfm9rbYVUeuMo1EM3C11=w122-h92-k-no,Dine-in,Takeaway,Delivery
https://www.google.com/maps/place/KARNALI+ORGANIC+THALI+By+SPIZE/data=!4m7!3m6!1s0x39eb18fd286e0df9:0x87fe5006f0e263ad!8m2!3d27.7161145!4d85.3111855!16s%2Fg%2F11dymw7020!19sChIJ-Q1uKP0Y6zkRrWPi8AZQ_oc?authuser=0&hl=en&rclk=1,KARNALI ORGANIC THALI By SPIZE,4.4,260,Restaurant,Bhagabati Marg, Opens 10AM, Closes 9PM,https://lh5.googleusercontent.com/p/AF1QipNxYfmAYvindPLigL41rlxzWo4UYaNvW_vdUkwb=w122-h92-k-no,Dine-in,Takeaway,Delivery
https://www.google.com/maps/place/The+Old+House/data=!4m7!3m6!1s0x39eb19015f2cf973:0x17ebcc1779b10452!8m2!3d27.7109632!4d85.3178256!16s%2Fg%2F11b6gflmbb!19sChIJc_ksXwEZ6zkRUgSxeRfM6xc?authuser=0&hl=en&rclk=1,The Old House,4.2,577,Restaurant,Durbar Marg, Opens 8AM, Closes 11PM,https://lh5.googleusercontent.com/p/AF1QipMnuvD1yyu-_0bdEOtvGaW9cj08RG4gLr4DogmE=w122-h92-k-no,Dine-in,Takeaway,Delivery
https://www.google.com/maps/place/Le+Sherpa+Restaurant/data=!4m7!3m6!1s0x39eb191780acf2a5:0xbba21002062d13d9!8m2!3d27.7314672!4d85.3277352!16s%2Fg%2F11b6gc5dgg!19sChIJpfKsgBcZ6zkR2RMtBgIQors?authuser=0&hl=en&rclk=1,Le Sherpa Restaurant,4.3,"1,040",Fine Dining,Le Sherpa Farmers Market (Opposite of President's House, Opens 8AM, Closes 10PM,https://lh5.googleusercontent.com/p/AF1QipMo8--lxRy05v2YNBbZ5y5zmeBhmxQvSq5iSnk8=w138-h92-k-no,Dine-in,Takeaway,Delivery
https://www.google.com/maps/place/Royal+Garden/data=!4m7!3m6!1s0x39eb19546113d315:0xd26cd49ea5fddfa3!8m2!3d27.7150855!4d85.3141847!16s%2Fg%2F11j0b49yc_!19sChIJFdMTYVQZ6zkRo9_9pZ7UbNI?authuser=0&hl=en&rclk=1,Royal Garden,4.4,7,Rice restaurant,"P887+2MM, Keshar Mahal Marg", Opens 7AM, Closes 10PM,https://lh5.googleusercontent.com/p/AF1QipP9wDb6FENDxprki1K7mBmrLRs9Zmp4Sp5ONviF=w87-h92-k-no,Dine-in,Takeaway,Delivery
https://www.google.com/maps/place/Ace+Lounge+Restaurant+%26+Bar/data=!4m7!3m6!1s0x39eb18e2b692c045:0xe9311f99e8fbcf4a!8m2!3d27.7170651!4d85.313!16s%2Fg%2F11b6cvkb5l!19sChIJRcCStuIY6zkRSs_76JkfMek?authuser=0&hl=en&rclk=1,Ace Lounge Restaurant & Bar,4.2,238,Restaurant,"P887+W2W,  Gaa Hiti Rd", Opens 8AM, Closes 11:59PM,https://lh5.googleusercontent.com/p/AF1QipPhUiWgYG_7b9mtD2GABhn81NNme8nSK9oLPsKE=w92-h92-k-no,Dine-in,Takeaway,Delivery
https://www.google.com/maps/place/Gaia+Restaurant+%26+Coffee+Shop/data=!4m7!3m6!1s0x39eb18fd9a95c763:0x106bfc1dbd8cea66!8m2!3d27.7132225!4d85.3128918!16s%2Fg%2F1hc1s1f5v!19sChIJY8eVmv0Y6zkRZuqMvR38axA?authuser=0&hl=en&rclk=1,Gaia Restaurant & Coffee Shop,4.4,914,Restaurant,, Opens 11AM, Closes 9:30PM,https://lh5.googleusercontent.com/p/AF1QipP_uGEYe19JrHjsbFha3RR0k4nK7F5X9Mx6gBHq=w122-h92-k-no,Dine-in,Takeaway,No delivery
https://www.google.com/maps/place/Black+Water+Restro+%26+Bar/data=!4m7!3m6!1s0x39eb18fcc058f90d:0x6627293592f4a461!8m2!3d27.7152178!4d85.309983!16s%2Fg%2F11b67gqmlh!19sChIJDflYwPwY6zkRYaT0kjUpJ2Y?authuser=0&hl=en&rclk=1,Black Water Restro & Bar,4.3,76,Restaurant,J.P.Road, Opens 8AM, Closes 10PM,https://lh5.googleusercontent.com/p/AF1QipPvWvnLP49MReuCkddU9v9ro3sj4jY2ahdYp9Yb=w122-h92-k-no,Dine-in,Takeaway,Delivery
https://www.google.com/maps/place/Yin+Yang+Restaurant/data=!4m7!3m6!1s0x39eb18fcf12f5a27:0xe19bc973d54c70be!8m2!3d27.7145392!4d85.310165!16s%2Fg%2F11h0llclf!19sChIJJ1ov8fwY6zkRvnBM1XPJm-E?authuser=0&hl=en&rclk=1,Yin Yang Restaurant,4.2,471,Thai,J.P. Road, Opens 6:30AM, Closes 10PM,https://lh5.googleusercontent.com/p/AF1QipMwAbIJtTQFXbWiJ39I3i_vIk_fd9hbfetP6xmo=w137-h92-k-no,Dine-in,Drive-through,Delivery
https://www.google.com/maps/place/Florid+Garden+Restaurant/data=!4m7!3m6!1s0x39eb18fcca7c7737:0x6480201930524b61!8m2!3d27.7167234!4d85.3094913!16s%2Fg%2F11c0pqlnn8!19sChIJN3d8yvwY6zkRYUtSMBkggGQ?authuser=0&hl=en&rclk=1,Florid Garden Restaurant,4.2,57,Grill,Z Street, Opens 8AM, Closes 10:30PM,https://lh5.googleusercontent.com/p/AF1QipMob_HfmPIbfHDyoqjYT0u2B5t5FbYZUxL9BYxZ=w122-h92-k-no,Dine-in,Takeaway,Delivery
https://www.google.com/maps/place/Little+Buddha+Restaurant/data=!4m7!3m6!1s0x39eb18fdab1c9431:0x9654d251bc67adf5!8m2!3d27.7142291!4d85.3112428!16s%2Fg%2F11gd7srlrn!19sChIJMZQcq_0Y6zkR9a1nvFHSVJY?authuser=0&hl=en&rclk=1,Little Buddha Restaurant,4.3,374,Restaurant,Narsingh Chowk Marg,Opens 7AM, Closes 1:30AM,https://lh5.googleusercontent.com/p/AF1QipMJ9Q3gKaVn1xoZLo7kcfxPZkA1CFzcMs-UH5aW=w204-h92-k-no,Dine-in,Drive-through,No-contact delivery
https://www.google.com/maps/place/Blueberry+Kitchen/data=!4m7!3m6!1s0x39eb18fc9e3ef91b:0x33102912ae3f0f5d!8m2!3d27.7126597!4d85.3089159!16s%2Fg%2F11c4627mvm!19sChIJG_k-nvwY6zkRXQ8_rhIpEDM?authuser=0&hl=en&rclk=1,Blueberry Kitchen,4.5,928,Restaurant,Paknajol Marg, Opens 9:30AM, Closes 10PM,https://lh5.googleusercontent.com/p/AF1QipO9VCEdfNVRJYfKuF8EBOxMf6xfKpVLdilTVS-a=w122-h92-k-no,Dine-in,Takeaway,No-contact delivery
https://www.google.com/maps/place/Bhojan+Griha/data=!4m7!3m6!1s0x39eb19083ca442b5:0x13f92922db3882dd!8m2!3d27.7064375!4d85.3254375!16s%2Fg%2F11rvsxv6q!19sChIJtUKkPAgZ6zkR3YI42yIp-RM?authuser=0&hl=en&rclk=1,Bhojan Griha,4.2,466,Restaurant,Dillibazar Height Marg, Opens 7AM, Closes 10PM,https://lh5.googleusercontent.com/p/AF1QipNHrsvGrhOwdOZLcTP94jKsPHgKS6nEvnHjY-jc=w122-h92-k-no,Dine-in,Takeaway,No-contact delivery
https://www.google.com/maps/place/Villa+72+Restaurant/data=!4m7!3m6!1s0x39eb19fc3a30bc37:0x3d568129a08dd1ba!8m2!3d27.7181956!4d85.3210671!16s%2Fg%2F11j489r9gk!19sChIJN7wwOvwZ6zkRutGNoCmBVj0?authuser=0&hl=en&rclk=1,Villa 72 Restaurant,4.2,134,Continental restaurant,, Opens 10AM, Closes 10PM,https://lh5.googleusercontent.com/p/AF1QipNvLyd-RM5fIijTY_YkbL2E6c7FNTEkq3mShQNY=w122-h92-k-no,Dine-in,Takeaway,No-contact delivery
https://www.google.com/maps/place/French+Creperie/data=!4m7!3m6!1s0x39eb1981dfb50ac1:0x20d624f9e7a6d179!8m2!3d27.713804!4d85.3117702!16s%2Fg%2F11h_489zhp!19sChIJwQq134EZ6zkRedGm5_kk1iA?authuser=0&hl=en&rclk=1,French Creperie,4.6,524,French,Chibahal Marg 26, Opens 10AM, Closes 10PM,https://lh5.googleusercontent.com/p/AF1QipNDtGkAeqOwzq0yapaO0utne0nn0G_1Ou8Cry3c=w138-h92-k-no,Dine-in,Takeaway,No-contact delivery
"https://www.google.com/maps/place/Bhojan+Unlimited+Restaurant+%26+Bar,+Kapan,+Kathmandu/data=!4m7!3m6!1s0x39eb198b977fe833:0x3b7c7e366eb7f750!8m2!3d27.739644!4d85.3534786!16s%2Fg%2F11pwvrq3y6!19sChIJM-h_l4sZ6zkRUPe3bjZ-fDs?authuser=0&hl=en&rclk=1","Bhojan Unlimited Restaurant & Bar, Kapan, Kathmandu",4.6,"1,044",Indian,Jyoti Nagar Rd 10, Opens 9AM, Closes 10:30PM,https://lh5.googleusercontent.com/p/AF1QipO5D0uxcHWJASx4qV3uaCpa2eOUboUwUytOc0iJ=w122-h92-k-no,Dine-in,Takeaway,No-contact delivery
https://www.google.com/maps/place/Mughal+Empire+Thamel/data=!4m7!3m6!1s0x39eb19e5f1c21b87:0x51fc0e017cee805a!8m2!3d27.7145568!4d85.3111599!16s%2Fg%2F11j4svjp6r!19sChIJhxvC8eUZ6zkRWoDufAEO_FE?authuser=0&hl=en&rclk=1,Mughal Empire Thamel,4,131,Mughlai,"Thamel , Nursing Chowk", Opens 12PM, Opens 3PM,https://lh5.googleusercontent.com/p/AF1QipNqcClUsY7IsULuhAbi_etOkjRRgs2WtNOaVuPL=w138-h92-k-no,Dine-in,Kerbside pickup,No-contact delivery
https://www.google.com/maps/place/Krua+Thai+Restaurant/data=!4m7!3m6!1s0x39eb18fcd4882b65:0xb20e0d5ea9493f44!8m2!3d27.7163384!4d85.3310505!16s%2Fg%2F12hy8h59f!19sChIJZSuI1PwY6zkRRD9JqV4NDrI?authuser=0&hl=en&rclk=1,Krua Thai Restaurant,4.2,551,Thai,Tangal Marg,Opens 7AM, Closes 10PM,https://lh5.googleusercontent.com/p/AF1QipOCsKjA7EZC8GdcXaGt-n9Np8s0i4MpjbXQgSNB=w122-h92-k-no,Dine-in,Takeaway,Delivery
https://www.google.com/maps/place/Roadhouse+Cafe/data=!4m7!3m6!1s0x39eb18fcf090a315:0x4ecba2d034b5135b!8m2!3d27.7143996!4d85.3103329!16s%2Fg%2F1tjgm_wj!19sChIJFaOQ8PwY6zkRWxO1NNCiy04?authuser=0&hl=en&rclk=1,Roadhouse Cafe,4.3,"1,887",Pizza,Chaksibari Road, Opens 10:30AM, Closes 11PM,https://lh5.googleusercontent.com/p/AF1QipM_2pq-H-Za9l39tZznKl4tgZfc1giP4vzfIubr=w137-h92-k-no,Dine-in,Takeaway,Delivery
https://www.google.com/maps/place/Newa+MoMo+Restaurant/data=!4m7!3m6!1s0x39eb18fdca27fe2d:0x78c12d982ccccabd!8m2!3d27.7121887!4d85.3115357!16s%2Fg%2F1hm2y7g6y!19sChIJLf4nyv0Y6zkRvcrMLJgtwXg?authuser=0&hl=en&rclk=1,Newa MoMo Restaurant,4.6,434,Momo restaurant,"Kwabahal, Thamel Marg 38", Opens 8AM, Closes 9PM,https://lh5.googleusercontent.com/p/AF1QipMvgtFB33itNkXwUjs_oV-4F_9JfN4aidnNmiAl=w163-h92-k-no,Dine-in,Takeaway,Delivery
https://www.google.com/maps/place/Calm+Restro+%26+Bar/data=!4m7!3m6!1s0x39eb190d8474b0eb:0x664f90f3a0aac063!8m2!3d27.7170025!4d85.3312904!16s%2Fg%2F11c5ch08g4!19sChIJ67B0hA0Z6zkRY8CqoPOQT2Y?authuser=0&hl=en&rclk=1,Calm Restro & Bar,4.1,987,Grill,Tangal Marg 1, Opens 12PM, Closes 10PM,https://lh5.googleusercontent.com/p/AF1QipMka2I836YSqaq0iagTO88ADom7vJE-1j2o3EcC=w189-h92-k-no,Dine-in,Takeaway,Delivery
https://www.google.com/maps/place/La+Thamel+Brasserie+Restaurant/data=!4m7!3m6!1s0x39eb18fcb554712f:0x5d3423178671bcff!8m2!3d27.71674!4d85.309632!16s%2Fg%2F11bzzxklcp!19sChIJL3FUtfwY6zkR_7xxhhcjNF0?authuser=0&hl=en&rclk=1,La Thamel Brasserie Restaurant,4.4,64,Nepalese,Z Street, Opens 10AM, Closes 11PM,https://lh5.googleusercontent.com/p/AF1QipNtTBCbSq0jujzRy13RmK8wQQ9os5WPa2YkKZZS=w157-h92-k-no,Dine-in,Drive-through,Delivery
https://www.google.com/maps/place/Vootoo+Food+Boutique/data=!4m7!3m6!1s0x39eb191cbee22499:0x935f6d0943f97f68!8m2!3d27.7161039!4d85.3130879!16s%2Fg%2F1tgvc0m0!19sChIJmSTivhwZ6zkRaH_5QwltX5M?authuser=0&hl=en&rclk=1,Vootoo Food Boutique,4,176,Nepalese,Bagawan Bahal Marg, Opens 7AM, Closes 10PM,https://lh5.googleusercontent.com/p/AF1QipMuSQTj2eblcyyY4rE1ZigDzMdKJRfOhPiZa7sH=w163-h92-k-no,Dine-in,Takeaway,Delivery
https://www.google.com/maps/place/Smoking+Yak+Kathmandu/data=!4m7!3m6!1s0x39eb19cd8cb315bf:0x8b465a9837b9cbd2!8m2!3d27.7138971!4d85.3103778!16s%2Fg%2F11ns_gql06!19sChIJvxWzjM0Z6zkR0su5N5haRos?authuser=0&hl=en&rclk=1,Smoking Yak Kathmandu,4.3,145,Restaurant,"JP Road, Chaksibari", Opens 10AM, Closes 11PM,https://lh5.googleusercontent.com/p/AF1QipOwD_Lr5UfQFKL24661tHxL3L6PjoF8uocdR0To=w138-h92-k-no,Dine-in,Takeaway,Delivery
https://www.google.com/maps/place/Grill+Oregano+Restaurant/data=!4m7!3m6!1s0x39eb18e34b4617fd:0xc9112352928cce83!8m2!3d27.7168058!4d85.3094867!16s%2Fg%2F11c1xnwvkp!19sChIJ_RdGS-MY6zkRg86MklIjEck?authuser=0&hl=en&rclk=1,Grill Oregano Restaurant,4.4,86,Restaurant,Z Street, Opens 9AM, Closes 11PM,https://lh5.googleusercontent.com/p/AF1QipMm24s4YxgN4OhrFIzA9o7hjL2jN6l4hv-RIvYW=w138-h92-k-no,Dine-in,Takeaway,Delivery
https://www.google.com/maps/place/GILINGCHE+%E0%A4%97%E0%A5%8D%E0%A4%AF%E0%A4%BE%E0%A4%B2%E0%A4%BF%E0%A4%A8%E0%A5%8D%E0%A4%9A%E0%A5%87/data=!4m7!3m6!1s0x39eb18fd1c4ff3cd:0x8f39e20ce05cf84e!8m2!3d27.7152677!4d85.3112898!16s%2Fg%2F11b6grs8j9!19sChIJzfNPHP0Y6zkRTvhc4AziOY8?authuser=0&hl=en&rclk=1,GILINGCHE ग्यालिन्चे,4.2,340,Tibetan,Thamel Marg, Opens 7AM, Closes 9PM,https://lh5.googleusercontent.com/p/AF1QipMGlFA-FsFXb9QrHw96qkUdMaIYmabcxTbo7_UG=w122-h92-k-no,Dine-in,Takeaway,No-contact delivery
https://www.google.com/maps/place/Marcopolo+Restaurant/data=!4m7!3m6!1s0x39eb1962b8075ec9:0x3bca112cd70e43df!8m2!3d27.7153959!4d85.3131515!16s%2Fg%2F11fk8zldkz!19sChIJyV4HuGIZ6zkR30MO1ywRyjs?authuser=0&hl=en&rclk=1,Marcopolo Restaurant,4.6,392,Restaurant,"1st Floor, Chhaya Center", Opens 6:30AM, Closes 8PM,https://lh5.googleusercontent.com/p/AF1QipN7HmF_XxWFVG46F222xFtyOHuaxF6aPjx5WuLY=w122-h92-k-no,Dine-in,Takeaway,Delivery
https://www.google.com/maps/place/Shuimter+Korean+Restaurant/data=!4m7!3m6!1s0x39eb198756cdd301:0x3b1def811c718c8a!8m2!3d27.7131964!4d85.3108335!16s%2Fg%2F11fnp_81qc!19sChIJAdPNVocZ6zkRioxxHIHvHTs?authuser=0&hl=en&rclk=1,Shuimter Korean Restaurant,4.7,62,Korean beef restaurant,"327/32, Thamel Marg 29", Opens 11AM, Closes 9:30PM,https://lh5.googleusercontent.com/p/AF1QipNqs8ut19NjRSdpX6lIr42z26tvX9sxj4OEnPrY=w163-h92-k-no,Dine-in,Takeaway,No-contact delivery
https://www.google.com/maps/place/Fren%27s+Kitchen/data=!4m7!3m6!1s0x39eb18fde68320c9:0xf6699835a57c706!8m2!3d27.7115325!4d85.3126436!16s%2Fg%2F11cn999rnw!19sChIJySCD5v0Y6zkRBsdXWoOZZg8?authuser=0&hl=en&rclk=1,Fren's Kitchen,4.3,217,Restaurant,, Opens 9AM, Closes 3AM,https://lh5.googleusercontent.com/p/AF1QipNUgRT-wRzu1682M6B_KOdIOSRp29QmrC-WFby-=w163-h92-k-no,Dine-in,Takeaway,Delivery
https://www.google.com/maps/place/Kantipur+authentic+Restaurant/data=!4m7!3m6!1s0x39eb19ae69560b15:0xeece1605a0b9e93!8m2!3d27.7128291!4d85.3126963!16s%2Fg%2F11p3gy58mp!19sChIJFQtWaa4Z6zkRk54LWmDh7A4?authuser=0&hl=en&rclk=1,Kantipur authentic Restaurant,4.5,118,Indian,, Opens 9AM, Closes 10PM,https://lh5.googleusercontent.com/p/AF1QipNxwWcdn-kE4JgFUkHP1OPutv9ujJxpU3a8jinb=w92-h92-k-no,Dine-in,Takeaway,No-contact delivery
https://www.google.com/maps/place/E-Revolving+Indian+Cuisine+Restaurant+Pvt+Ltd+./data=!4m7!3m6!1s0x39eb1855c47eb7d3:0x620d9223848f8b8f!8m2!3d27.7031621!4d85.3092362!16s%2Fg%2F12hknsz6l!19sChIJ07d-xFUY6zkRj4uPhCOSDWI?authuser=0&hl=en&rclk=1,E-Revolving Indian Cuisine Restaurant Pvt Ltd .,3.4,46,Nepalese,"Ratna Plaza, Dharma Path", Opens 8AM, Closes 10PM,https://lh5.googleusercontent.com/p/AF1QipMJTyl-U8HAWi9AexdEoOJop8ikihhYnbtpP0_n=w122-h92-k-no,Dine-in,Takeaway,Delivery
https://www.google.com/maps/place/Nagomi+Japanese+Restaurant/data=!4m7!3m6!1s0x39eb18fc3d8afcc3:0x1db6e06bda6c6545!8m2!3d27.7118154!4d85.3097053!16s%2Fg%2F11g9j5ghm2!19sChIJw_yKPfwY6zkRRWVs2mvgth0?authuser=0&hl=en&rclk=1,Nagomi Japanese Restaurant,4.7,183,Japanese,J P Marg, Opens 11AM, Closes 9PM,https://lh5.googleusercontent.com/p/AF1QipMhtSWAB-VeQRfkzdOMqx7ROyYSW4hrWNAZYfVQ=w122-h92-k-no,Dine-in,Takeaway,Delivery
https://www.google.com/maps/place/Bagaan+Thakali+Kitchen/data=!4m7!3m6!1s0x39eb19774b09aeb1:0x38bb92585e540a4b!8m2!3d27.714416!4d85.313467!16s%2Fg%2F11j1d31sp5!19sChIJsa4JS3cZ6zkRSwpUXliSuzg?authuser=0&hl=en&rclk=1,Bagaan Thakali Kitchen,4.7,612,Nepalese,"Tridevi Marga, Thamel, Kathmandu, Nepal Post Box No 1437, Kathmandu 44600", Opens 9AM, Closes 10PM,https://lh5.googleusercontent.com/p/AF1QipNevvbw9LNvXsBHP0XaCy5S-QZ02BKI9SROvHi7=w122-h92-k-no,Dine-in,Takeaway,Delivery
https://www.google.com/maps/place/Laughing+Bird+Cafe+%26+Restaurant/data=!4m7!3m6!1s0x39eb192d16e2a697:0x1260a74277d54dd7!8m2!3d27.7116133!4d85.3091767!16s%2Fg%2F11h2fvp8qr!19sChIJl6biFi0Z6zkR103Vd0KnYBI?authuser=0&hl=en&rclk=1,Laughing Bird Cafe & Restaurant,4.5,23,Italian,J P Marg, Opens 9AM, Closes 10PM,https://lh5.googleusercontent.com/p/AF1QipNFZ3iNCzUPTYAKv8AO5XIyZXf8EEzfrahhF6aM=w138-h92-k-no,Dine-in,Takeaway,No-contact delivery
https://www.google.com/maps/place/Kava+Grill+and+Lounge+-+Fairfield+by+Marriott+Kathmandu/data=!4m7!3m6!1s0x39eb19b35bc89cf9:0xcb5d423c2709900e!8m2!3d27.715396!4d85.3142611!16s%2Fg%2F11fm2p3y4m!19sChIJ-ZzIW7MZ6zkRDpAJJzxCXcs?authuser=0&hl=en&rclk=1,Kava Grill and Lounge - Fairfield by Marriott Kathmandu,4.7,22,Restaurant,"Address: Kmc- 29, Tridevi Sadak", Opens 7AM, Closes 11PM,https://lh5.googleusercontent.com/p/AF1QipP4tsYNDG07b3Hh8Z6Eit82iVXQ12HW90RK4onP=w142-h92-k-no,Dine-in,Takeaway,Delivery
https://www.google.com/maps/place/Restaurant+Kathmandu/data=!4m7!3m6!1s0x39eb195ae79c0f91:0x7ef9f1a61df4a7e3!8m2!3d27.7124513!4d85.3086105!16s%2Fg%2F11swdg9txs!19sChIJkQ-c51oZ6zkR46f0Habx-X4?authuser=0&hl=en&rclk=1,Restaurant Kathmandu,4,15,Restaurant,Paknajol Marg 29, Opens 6AM,Closes 9PM,https://lh5.googleusercontent.com/p/AF1QipMZjWudrkT-l6LnFQSl1Kb1qg-I6fxFFEUKFWn7=w122-h92-k-no,Dine-in,Takeaway,Delivery
https://www.google.com/maps/place/Al+Madina+Halal+Foods/data=!4m7!3m6!1s0x39eb18e2c93b8637:0xe7dc1163318845c8!8m2!3d27.717333!4d85.312066!16s%2Fg%2F11b6rwsjh6!19sChIJN4Y7yeIY6zkRyEWIMWMR3Oc?authuser=0&hl=en&rclk=1,Al Madina Halal Foods,4.1,909,Indian Muslim restaurant,"Opposite Dolphin Guest House Behind, Thamel Masjid, Gaa Hiti Rd",Opens 8AM, Closes 11PM,https://lh5.googleusercontent.com/p/AF1QipO9s86KX3e1q7BZ7AYQHe_GmXDEorsYd1Nbrts=w122-h92-k-no,Dine-in,Takeaway,Delivery
https://www.google.com/maps/place/Rosemary+Kitchen+and+Coffee+Shop/data=!4m7!3m6!1s0x39eb18fdc9705891:0xc9686cec75c14b38!8m2!3d27.7118426!4d85.3094098!16s%2Fg%2F12hs4yd_3!19sChIJkVhwyf0Y6zkROEvBdexsaMk?authuser=0&hl=en&rclk=1,Rosemary Kitchen and Coffee Shop,4.4,"1,077",Coffee shop,J P Marg, Opens 8AM, Closes 10PM,https://lh5.googleusercontent.com/p/AF1QipPyuPyjLkgfTBbX3RXeF1oTKxH4hG8j2ZQxHWYZ=w163-h92-k-no,Dine-in,Restaurant,"Again."""
https://www.google.com/maps/place/Kathmandu+Chinese+Mee+Restaurant/data=!4m7!3m6!1s0x39eb18fdb15192e1:0x747a2708935c20cc!8m2!3d27.7128886!4d85.3114!16s%2Fg%2F11b6lhz_rr!19sChIJ4ZJRsf0Y6zkRzCBckwgnenQ?authuser=0&hl=en&rclk=1,Kathmandu Chinese Mee Restaurant,3.8,151,Chinese,"P876+5H2, ", Opens 7:30AM, Closes 9:30PM,https://lh5.googleusercontent.com/p/AF1QipOABtKd994qzV8nQyxnj1WpphislWK-qnJK8Bw_=w163-h92-k-no,Dine-in,Takeaway,No-contact delivery
https://www.google.com/maps/place/Hankook+Sarang+Korean+Restaurant/data=!4m7!3m6!1s0x39eb192f9b51051b:0x682efa80705776e9!8m2!3d27.7134881!4d85.312561!16s%2Fg%2F11n0l9gp1t!19sChIJGwVRmy8Z6zkR6XZXcID6Lmg?authuser=0&hl=en&rclk=1,Hankook Sarang Korean Restaurant,4.3,365,Korean,Brahmakumari Marg 30, Opens 9AM, Closes 10PM,https://lh5.googleusercontent.com/p/AF1QipP7Kklp7j5m1z2ONDoV_Zz5ol7GVfRFWUK0jq38=w163-h92-k-no,Dine-in,Takeaway,No-contact delivery
https://www.google.com/maps/place/Rox+Restaurant/data=!4m7!3m6!1s0x39eb1bd8e5aa022b:0xed794ded55bb9ac7!8m2!3d27.7218935!4d85.3571533!16s%2Fg%2F11b5pjq010!19sChIJKwKq5dgb6zkRx5q7Ve1Nee0?authuser=0&hl=en&rclk=1,Rox Restaurant,4,34,Italian,"Taragaon, Boudha, Box 9609, Hyatt Regency", Opens 7AM, Closes 10PM,https://lh5.googleusercontent.com/p/AF1QipOhGPUkqsTooIjoF1s75El5Co9omUu50kApj3-I=w147-h92-k-no,Dine-in,Takeaway,Delivery
https://www.google.com/maps/place/Copacabana/data=!4m7!3m6!1s0x39eb1919143e019f:0x1fdae39b2355e2ac!8m2!3d27.7174509!4d85.3266499!16s%2Fg%2F11q7zf3n4p!19sChIJnwE-FBkZ6zkRrOJVI5vj2h8?authuser=0&hl=en&rclk=1,Copacabana,4.2,121,Latin American,Gairidhara Sadak, Opens 10AM, Closes 12AM,https://lh5.googleusercontent.com/p/AF1QipP-DInMzNBZ4XJTi0LOAV2mCMoGtDCywjxXs1el=w194-h92-k-no,Dine-in,Takeaway,Delivery
https://www.google.com/maps/place/Gokarna+House+Restaurant/data=!4m7!3m6!1s0x39eb18fc9e3ef91b:0xc63e6bfc4833266b!8m2!3d27.7134824!4d85.3086901!16s%2Fg%2F11c5qqm74h!19sChIJG_k-nvwY6zkRayYzSPxrPsY?authuser=0&hl=en&rclk=1,Gokarna House Restaurant,4.1,578,Restaurant,"P875+H9X, Paknajol Marg", Opens 10AM, Closes 10PM,https://lh5.googleusercontent.com/p/AF1QipPDhIgYQumxsOf65QrS3O8SrBTGD5eQnrpWx2Cb=w163-h92-k-no,Dine-in,Takeaway,Delivery
https://www.google.com/maps/place/stupa+glimpse+restaurant/data=!4m7!3m6!1s0x39eb191cea565433:0x6dc094f557c38a4!8m2!3d27.7136034!4d85.298848!16s%2Fg%2F11fjfdb472!19sChIJM1RW6hwZ6zkRpDh8VU8J3AY?authuser=0&hl=en&rclk=1,stupa glimpse restaurant,4.1,53,Tibetan,P77X+CGX, Opens 7AM, Closes 10PM,https://lh5.googleusercontent.com/p/AF1QipNpVDxopdbojkHxfDpGB29W-joYw3LBwJ8NFVZ0=w163-h92-k-no,Dine-in,Takeaway,Delivery
https://www.google.com/maps/place/Walk+Inside+Cafe+%26+Restaurant/data=!4m7!3m6!1s0x39eb19878957ef4b:0x8337fafb6694d349!8m2!3d27.7177524!4d85.3100605!16s%2Fg%2F11fsjzvm55!19sChIJS-9XiYcZ6zkRSdOUZvv6N4M?authuser=0&hl=en&rclk=1,Walk Inside Cafe & Restaurant,4.5,16,Restaurant,Chaksibari Marg 16, Opens 9AM, Closes 10PM,https://lh5.googleusercontent.com/p/AF1QipMRZ5m6TCqVoNcRjPDkEGKZMXiPOq844j6Ez2YQ=w194-h92-k-no,Dine-in,Takeaway,No-contact delivery
https://www.google.com/maps/place/Mauri/data=!4m7!3m6!1s0x39eb191cc0669d59:0x5f9005420b0ccfbc!8m2!3d27.7184487!4d85.3176202!16s%2Fg%2F11dfgw_t4_!19sChIJWZ1mwBwZ6zkRvM8MC0IFkF8?authuser=0&hl=en&rclk=1,Mauri,4,176,Fast Food,Ananda Bhawan, Opens 7AM, Closes 10PM,https://lh5.googleusercontent.com/p/AF1QipOJq_VGGcIdAWZhAVXRLSjZRfPzlg7JeSnw6HCK=w122-h92-k-no,Dine-in,Takeaway,Delivery
https://www.google.com/maps/place/Climbers%27+Hub+Restro+%26+Bar/data=!4m7!3m6!1s0x39eb19783001d4e5:0x64ff39337aa1b76e!8m2!3d27.7175435!4d85.3114101!16s%2Fg%2F11ppz9f7m5!19sChIJ5dQBMHgZ6zkRbrehejM5_2Q?authuser=0&hl=en&rclk=1,Climbers' Hub Restro & Bar,4.9,12,Restaurant,"Marg Post Box No.:4038, Kathmandu 44600", Opens 10AM, Closes 11PM,https://lh5.googleusercontent.com/p/AF1QipPVRNC5O_PaRroIS39mvwXddazIwL_bdhf0YgVl=w186-h92-k-no,Dine-in,Takeaway,Delivery
https://www.google.com/maps/place/Paru+Thakali+Kitchen/data=!4m7!3m6!1s0x39eb194f72e6d5cb:0x2876bbb5852febb9!8m2!3d27.713276!4d85.312404!16s%2Fg%2F11h6md91h1!19sChIJy9Xmck8Z6zkRuesvhbW7dig?authuser=0&hl=en&rclk=1,Paru Thakali Kitchen,4.7,340,Traditional restaurant,, Opens 7AM, Closes 11PM,https://lh5.googleusercontent.com/p/AF1QipNMz6GrSv8KuxGAC6h0Ccbzd7Zy-Q_F3JyiEUvg=w122-h92-k-no,Dine-in,Takeaway,No-contact delivery
https://www.google.com/maps/place/Qi+Lu+Ju+Xin+Yuan+Restaurant/data=!4m7!3m6!1s0x39eb18fcf6a7c26b:0x8436de0f878bb7d6!8m2!3d27.7141678!4d85.3100501!16s%2Fg%2F11fxw2j26s!19sChIJa8Kn9vwY6zkR1reLhw_eNoQ?authuser=0&hl=en&rclk=1,Qi Lu Ju Xin Yuan Restaurant,3.9,22,Chinese,"P876+M27, Chaksibari Marg", Opens 7AM, Closes 9:30PM,https://lh5.googleusercontent.com/p/AF1QipPeSp_AF01bJh5fj3wrSSa9T0NUDo-5opkYo18v=w122-h92-k-no,Dine-in,Takeaway,No-contact delivery
https://www.google.com/maps/place/Yala+Cafe+%26+Coffee+Shop/data=!4m7!3m6!1s0x39eb19a1224562b3:0x6473484a76465282!8m2!3d27.7123167!4d85.3114541!16s%2Fg%2F11g079fs1_!19sChIJs2JFIqEZ6zkRglJGdkpIc2Q?authuser=0&hl=en&rclk=1,Yala Cafe & Coffee Shop,4.8,948,Asian Fusion,"Kwabahal, Thamel Marg", Opens 11AM, Closes 10PM,https://lh5.googleusercontent.com/p/AF1QipPg7hTgClI3qtqOiGtKD-vUpVjteIC4jfcOZfND=w138-h92-k-no,Dine-in,Takeaway,No-contact delivery
https://www.google.com/maps/place/Cabana+By+Sky+High/data=!4m7!3m6!1s0x39eb195cfbf2cc95:0xadb5d0211e7f45bf!8m2!3d27.7205487!4d85.3195558!16s%2Fg%2F11q85h0kfy!19sChIJlczy-1wZ6zkRv0V_HiHQta0?authuser=0&hl=en&rclk=1,Cabana By Sky High,3.8,160,Restaurant,Lazimpat Rd 27, Opens 11AM, Closes 11:30PM,https://lh5.googleusercontent.com/p/AF1QipO65eljkttU_aLESy1egroioI_htR1F0Vyuv8cp=w122-h92-k-no,Dine-in,Takeaway,Delivery
https://www.google.com/maps/place/Ichiban+Japanese+Restaurant/data=!4m7!3m6!1s0x39eb18fdbfe584b7:0x8d9377095d40bcde!8m2!3d27.7125221!4d85.3122913!16s%2Fg%2F11d_cbz0px!19sChIJt4Tlv_0Y6zkR3rxAXQl3k40?authuser=0&hl=en&rclk=1,Ichiban Japanese Restaurant,2.9,30,Japanese,"Post box number-1866, Amrit Marg", Opens 11:30AM, Closes 10PM,https://lh5.googleusercontent.com/p/AF1QipOEqREycxFDEjqt9bHd-POaDep3inIttjx2TESD=w163-h92-k-no,Dine-in,Takeaway,No-contact delivery
https://www.google.com/maps/place/Utse+Restaurant+%26+Bar/data=!4m7!3m6!1s0x39eb19b713da69dd:0x2098d2d0e8c263fd!8m2!3d27.712295!4d85.312243!16s%2Fg%2F11h92b2n25!19sChIJ3WnaE7cZ6zkR_WPC6NDSmCA?authuser=0&hl=en&rclk=1,Utse Restaurant & Bar,4.5,45,Restaurant,Amrit Marg, Opens 6AM, Closes 10PM,https://lh5.googleusercontent.com/p/AF1QipMTJR5sbst9fWSdtdeH1sCvr4WsxS_WkGdEJPje=w80-h106-k-no,Dine-in,Kerbside pickup,No-contact delivery
https://www.google.com/maps/place/Nomad+Restaurant+and+Bar/data=!4m7!3m6!1s0x39eb194d5c175fef:0x7f3ad6de2e34443b!8m2!3d27.7134922!4d85.3109414!16s%2Fg%2F11h4xkytmw!19sChIJ718XXE0Z6zkRO0Q0Lt7WOn8?authuser=0&hl=en&rclk=1,Nomad Restaurant and Bar,4.6,51,Restaurant,Thamel Marg, Opens 9AM, Closes 10:30PM,https://lh5.googleusercontent.com/p/AF1QipNmd5bpsF8iQr5pZAToJMMxQJtFmfr9UwSJN-GR=w138-h92-k-no,Dine-in,Takeaway,Delivery
https://www.google.com/maps/place/Rato+Bhale+Fastfood+%26+Tandoori+Restaurant/data=!4m7!3m6!1s0x39eb19238dcf8fc3:0x33ec26b6aa1c32f0!8m2!3d27.7348402!4d85.3185971!16s%2Fg%2F11f3_wjglh!19sChIJw4_PjSMZ6zkR8DIcqrYm7DM?authuser=0&hl=en&rclk=1,Rato Bhale Fastfood & Tandoori Restaurant,4.1,54,Restaurant,Ring Rd Chowk, Opens 9AM, Closes 9:30PM,https://lh5.googleusercontent.com/p/AF1QipOYRVv6vxdIb6BPXKwk6KsSeoK_FFxHJXG411nW=w163-h92-k-no,Dine-in,Takeaway,Delivery
https://www.google.com/maps/place/Tomodachi+%28+%E3%81%A8%E3%82%82%E3%81%A0%E3%81%A1%29+Restaurant/data=!4m7!3m6!1s0x39eb194cff094929:0x70b30a72fe579d8e!8m2!3d27.7308429!4d85.3434184!16s%2Fg%2F11mx6lnn7_!19sChIJKUkJ_0wZ6zkRjp1X_nIKs3A?authuser=0&hl=en&rclk=1,Tomodachi ( ともだち) Restaurant,4.5,27,Japanese,Dhumbarai Rd, Opens 6AM, Closes 9PM,https://lh5.googleusercontent.com/p/AF1QipMCXbba_qsTQuzvbur7TufVTaiP4jG-91zxNpna=w194-h92-k-no,Dine-in,Takeaway,No-contact delivery
https://www.google.com/maps/place/Potala+Restaurant+Halal+Food/data=!4m7!3m6!1s0x39eb18fc516d211f:0x62e2b574dbc8642a!8m2!3d27.7131142!4d85.3106203!16s%2Fg%2F11btm0cn2z!19sChIJHyFtUfwY6zkRKmTI23S14mI?authuser=0&hl=en&rclk=1,Potala Restaurant Halal Food,4.1,97,Tibetan,Chaksibari Marg, Opens 11AM, Closes 9:30PM,https://lh5.googleusercontent.com/p/AF1QipP5tFepKumHqvPcIkgnSGIad6okMpGXjJshaFTw=w163-h92-k-no,Dine-in,Takeaway,Delivery
https://www.google.com/maps/place/Times+Square+Restaurant/data=!4m7!3m6!1s0x39eb191382d36899:0x8f496669182b3d58!8m2!3d27.7227549!4d85.3314317!16s%2Fg%2F11gg_tq9g7!19sChIJmWjTghMZ6zkRWD0rGGlmSY8?authuser=0&hl=en&rclk=1,Times Square Restaurant,4.1,400,Grill,Thirbam Sadak, Opens 8AM, Closes 9PM,https://lh5.googleusercontent.com/p/AF1QipO0x1VaW7B-PzwIInTvCYHvsA6B_33Loux7nGf3=w163-h92-k-no,Dine-in,Takeaway,No delivery
https://www.google.com/maps/place/Matsuri+Tokyo/data=!4m7!3m6!1s0x39eb197fc176ef7b:0xff213ca6700da57e!8m2!3d27.7124301!4d85.3179602!16s%2Fg%2F11llt9k1dt!19sChIJe-92wX8Z6zkRfqUNcKY8If8?authuser=0&hl=en&rclk=1,Matsuri Tokyo,4.2,93,Japanese,Durbar Marg, Opens 9AM, Closes 10PM,https://lh5.googleusercontent.com/p/AF1QipOqpRozyL6CPM8nrhAYSsXbRYJbgkWJffnaHDoh=w122-h92-k-no,Dine-in,Kerbside pickup,No-contact delivery
https://www.google.com/maps/place/Roadside+Family+restaurant/data=!4m7!3m6!1s0x39eb18e6a241fc05:0xdb188d7e87cc017e!8m2!3d27.7230108!4d85.307241!16s%2Fg%2F11f5hl_kv5!19sChIJBfxBouYY6zkRfgHMh36NGNs?authuser=0&hl=en&rclk=1,Roadside Family restaurant,5,2,Fast Food,"Kathmandu, Dharagalli, Nayabazar", Opens 7AM, Closes 9PM,https://lh5.googleusercontent.com/p/AF1QipOeIDi2JCjJkIQ1yUQQm9LksVywb3j4CJsAivvu=w122-h92-k-no,Dine-in,Takeaway,No-contact delivery
https://www.google.com/maps/place/Koharu+Japanese+Restaurant/data=!4m7!3m6!1s0x39eb18fdaf2825ef:0x47993df698ccde31!8m2!3d27.7134645!4d85.3115187!16s%2Fg%2F11b6lg_mqj!19sChIJ7yUor_0Y6zkRMd7MmPY9mUc?authuser=0&hl=en&rclk=1,Koharu Japanese Restaurant,2.9,8,Japanese,"P876+9JJ, Thamel Marg", Opens 9AM, Closes 9PM,https://lh5.googleusercontent.com/p/AF1QipNUtvFtqG-b-6LthCTVc1J5UCwXx8IKDVevjmeT=w138-h92-k-no,Dine-in,Takeaway,Delivery
https://www.google.com/maps/place/Zhonghua+Restaurant/data=!4m7!3m6!1s0x39eb18fcc56ca99b:0xebbb780d76764091!8m2!3d27.7160229!4d85.310318!16s%2Fg%2F11bv6lchkl!19sChIJm6lsxfwY6zkRkUB2dg14u-s?authuser=0&hl=en&rclk=1,Zhonghua Restaurant,3.9,158,Chinese,"first floor, Chaksibari Marg 410", Opens 11AM,Closes 9PM,https://lh5.googleusercontent.com/p/AF1QipOnLQ96la_LKuSBlgZ2AHzmnmcABcViE9eqUP4W=w184-h92-k-no,Dine-in,Takeaway,Delivery
https://www.google.com/maps/place/Vinoliva+Restaurant+%26+Bar+%7C+Multi-cuisine+Restaurant+and+Bar+in+Kathmandu/data=!4m7!3m6!1s0x39eb19ff53306b13:0xee728f97afbd7cf!8m2!3d27.7179539!4d85.3211928!16s%2Fg%2F11sbvgd6ww!19sChIJE2swU_8Z6zkRz9f7evko5w4?authuser=0&hl=en&rclk=1,Vinoliva Restaurant & Bar | Multi-cuisine Restaurant and Bar in Kathmandu,4.4,91,Restaurant,Narayanhiti Palace Museum North Gate Rd, Opens 8AM, Closes 10PM,https://lh5.googleusercontent.com/p/AF1QipOqWQNhnHV5H72P_Qt5RFJexIvKGaXS15EfPAtB=w163-h92-k-no,Dine-in,Takeaway,No-contact delivery
https://www.google.com/maps/place/Dae+jang+geum+Korean+Restaurant/data=!4m7!3m6!1s0x39eb18fce4720dad:0x44660b6499f24092!8m2!3d27.714908!4d85.3104542!16s%2Fg%2F11c5__xxwz!19sChIJrQ1y5PwY6zkRkkDymWQLZkQ?authuser=0&hl=en&rclk=1,Dae jang geum Korean Restaurant,4.6,138,Korean beef restaurant,Paryatan Marg 29, Opens 10AM, Closes 9PM,https://lh5.googleusercontent.com/p/AF1QipMB2yZA2KULHxeFci2_J8Ete3uVxtwKVN86c3-n=w122-h92-k-no,Dine-in,Takeaway,No-contact delivery
https://www.google.com/maps/place/Lalupatey+Garden+Restaurant/data=!4m7!3m6!1s0x39eb196185347963:0x93073dc85a160153!8m2!3d27.7247874!4d85.352928!16s%2Fg%2F11bzv93gly!19sChIJY3k0hWEZ6zkRUwEWWsg9B5M?authuser=0&hl=en&rclk=1,Lalupatey Garden Restaurant,4,73,Restaurant,"44602,",Opens 8AM, Closes 10PM,https://lh5.googleusercontent.com/p/AF1QipPb_7lWOAqlJLKjfkSQPhJxZ9o-pWoPUKo96q0z=w122-h92-k-no,Dine-in,Takeaway,No-contact delivery
https://www.google.com/maps/place/Maam+Resto/data=!4m7!3m6!1s0x39eb193cbea32edf:0x901179f874600466!8m2!3d27.7082653!4d85.32364!16s%2Fg%2F11nfv81mxx!19sChIJ3y6jvjwZ6zkRZgRgdPh5EZA?authuser=0&hl=en&rclk=1,Maam Resto,4.4,42,Restaurant,"Dhobidhara one-way, Near IIMS College Kumari Hall Road", Opens 9AM, Closes 9PM,https://lh5.googleusercontent.com/p/AF1QipPZ5Gyf6s32TH0Aj4v6ydusCzX46C0YayFOu8Ii=w122-h92-k-no,Dine-in,Takeaway,Delivery
https://www.google.com/maps/place/Taas+%26+Sekuwa+Mahal/data=!4m7!3m6!1s0x39eb185174e3bc87:0x27b66cd9f067a7e0!8m2!3d27.6962464!4d85.3075404!16s%2Fg%2F11b6mj7zkw!19sChIJh7zjdFEY6zkR4Kdn8Nlstic?authuser=0&hl=en&rclk=1,Taas & Sekuwa Mahal,3.9,263,Restaurant,"M8W5+F2V, Tripura Marg", Opens 7AM, Closes 10PM,https://lh5.googleusercontent.com/p/AF1QipP1FEX77gVLr_VdkOs0mGZhjX8IdGi2iPMqXg3Q=w163-h92-k-no,Dine-in,Takeaway,No-contact delivery
"https://www.google.com/maps/place/Hotel+Ramnam,+Pure+Vegetarian+Marwadi+Restaurant/data=!4m7!3m6!1s0x39eb1977beb10061:0xb8ac924168641303!8m2!3d27.7062504!4d85.3435721!16s%2Fg%2F11d_w79j0y!19sChIJYQCxvncZ6zkRAxNkaEGSrLg?authuser=0&hl=en&rclk=1","Hotel Ramnam, Pure Vegetarian Marwadi Restaurant",3.9,113,Vegetarian,P84V+GC4, Opens 7:30AM, Closes 9:30PM,https://lh5.googleusercontent.com/p/AF1QipPjoM66R16augDU6rP8EV5tFFJ13YIGXEKgJ4WV=w163-h92-k-no,Dine-in,Takeaway,No-contact delivery
https://www.google.com/maps/place/The+Diplomat%2FForeign+Affairs/data=!4m7!3m6!1s0x39eb19819c868ab1:0xdc4df92668f1736a!8m2!3d27.7189328!4d85.3177287!16s%2Fg%2F11gzs5yhtn!19sChIJsYqGnIEZ6zkRanPxaCb5Tdw?authuser=0&hl=en&rclk=1,The Diplomat/Foreign Affairs,4.3,132,Indian,, Opens 10AM, Closes 10:30PM,https://lh5.googleusercontent.com/p/AF1QipNK7eVqx5OpX_xYImIRDuYMe2UiuQbTRyvO0rKR=w122-h92-k-no,Dine-in,Takeaway,No-contact delivery
https://www.google.com/maps/place/ANIYOR+VEG+%26+VEGAN+RESTAURANT/data=!4m10!3m9!1s0x39eb190477dd9717:0x1a2376ad1a0fcdc3!5m2!4m1!1i2!8m2!3d27.7174602!4d85.3119186!16s%2Fg%2F11b_2s7x1k!19sChIJF5fddwQZ6zkRw80PGq12Ixo?authuser=0&hl=en&rclk=1,ANIYOR VEG & VEGAN RESTAURANT,4.2,311,Vegetarian,, Opens 6AM, Closes 10:30PM,https://lh5.googleusercontent.com/p/AF1QipMD2QGCHjCFPdXyC3zYvZ9U_F4J459Mwhra414y=w163-h92-k-no,Dine-in,Kerbside pickup,No-contact delivery
https://www.google.com/maps/place/Utsav+Nepali+Restaurant/data=!4m7!3m6!1s0x39eb19046e04adab:0x8baae9f93b25cf58!8m2!3d27.7127656!4d85.3199!16s%2Fg%2F1v41ywbt!19sChIJq60EbgQZ6zkRWM8lO_npqos?authuser=0&hl=en&rclk=1,Utsav Nepali Restaurant,3.8,248,Traditional restaurant,Lal Durbar Marg, Opens 6:30AM, Closes 10PM,https://lh5.googleusercontent.com/p/AF1QipMT0As3ypfiXKzYMj9ScgCAO4VBoUFAkFkRtYNd=w122-h92-k-no,Dine-in,Takeaway,No-contact delivery
https://www.google.com/maps/place/Eco+Garden+Restaurant/data=!4m7!3m6!1s0x39eb19d787573cf3:0x9d918402b27c79bf!8m2!3d27.7132328!4d85.311424!16s%2Fg%2F11fjbkl1nr!19sChIJ8zxXh9cZ6zkRv3l8sgKEkZ0?authuser=0&hl=en&rclk=1,Eco Garden Restaurant,4.7,13,Organic,"P876+7HV, Chibahal Club", Opens 10AM, Closes 10PM,https://lh5.googleusercontent.com/p/AF1QipOOw29uvWtbTgYnnt9M4HF5sacs0IzsoCMS1K3b=w80-h164-k-no,Dine-in,Takeaway,No-contact delivery
https://www.google.com/maps/place/Royal+Kathmandu+Restaurant/data=!4m7!3m6!1s0x39eb199940b4ac67:0x374e2c660c150e37!8m2!3d27.6992051!4d85.3381429!16s%2Fg%2F11f126hsv3!19sChIJZ6y0QJkZ6zkRNw4VDGYsTjc?authuser=0&hl=en&rclk=1,Royal Kathmandu Restaurant,3.4,5,Restaurant,"M8XQ+M7J, mid baneshwer ktm cafe &Family Restaurant", Opens 8AM, Closes 7PM,https://lh5.googleusercontent.com/p/AF1QipNxEsYjV3zGgjDmetMV5kZ5j5eShQ75W7hjMlud=w80-h106-k-no,Dine-in,Takeaway,No-contact delivery
https://www.google.com/maps/place/Guchha+Garden+Restaurant/data=!4m7!3m6!1s0x39eb192c021373bd:0xa899142f232fb1e4!8m2!3d27.7155991!4d85.3036958!16s%2Fg%2F11fmzsysbs!19sChIJvXMTAiwZ6zkR5LEvIy8Umag?authuser=0&hl=en&rclk=1,Guchha Garden Restaurant,3.9,118,Rice restaurant,"P883+6FP, Swayambhu Marg", Opens 6AM, Closes 10PM,https://lh5.googleusercontent.com/p/AF1QipPo4wgm4ZdeBXeJhnMWqXplTzvAnZ36fUprQFei=w122-h92-k-no,Dine-in,Takeaway,Delivery
https://www.google.com/maps/place/Fire+And+Ice+Pizzeria/data=!4m7!3m6!1s0x39eb18fd806bd269:0x1f70182b9aa3b989!8m2!3d27.7137798!4d85.3135074!16s%2Fg%2F1v1vbm0l!19sChIJadJrgP0Y6zkRibmjmisYcB8?authuser=0&hl=en&rclk=1,Fire And Ice Pizzeria,4.3,"3,788",Pizza,, Opens 8AM, Closes 10PM,https://lh5.googleusercontent.com/p/AF1QipPdKaGD23ti_lIlprChVbyhJs4o65H032LekUo5=w80-h106-k-no,Dine-in,Takeaway,No-contact delivery
https://www.google.com/maps/place/Zam+Zam+Halal+Restaurant/data=!4m7!3m6!1s0x39eb191d1e9a90d1:0x818fdda9a92930e0!8m2!3d27.7055222!4d85.3171293!16s%2Fg%2F11j6l4j303!19sChIJ0ZCaHh0Z6zkR4DApqandj4E?authuser=0&hl=en&rclk=1,Zam Zam Halal Restaurant,5,3,Indian Muslim restaurant,P848+6V2, Opens 9AM, Closes 9PM,https://lh5.googleusercontent.com/p/AF1QipM9zCLEYjQBW7DJ_rOkG_ZQzRLILughN-4OBsaz=w138-h92-k-no,Dine-in,Takeaway,No-contact delivery
https://www.google.com/maps/place/Danfe+Nepali+Kitchen/data=!4m7!3m6!1s0x39eb185638a72d3d:0x886dbb1032c9d504!8m2!3d27.7035274!4d85.3068057!16s%2Fg%2F11f53pvtrn!19sChIJPS2nOFYY6zkRBNXJMhC7bYg?authuser=0&hl=en&rclk=1,Danfe Nepali Kitchen,5,1,Rice restaurant,"P834+CP7, Thamel Clouse to, Fathcat, Freak St", Opens 10AM,Closes 9PM,https://lh5.googleusercontent.com/p/AF1QipNCl2LEDFarSxqsW7duTtPXvVuey4qVtoOH0rcj=w122-h92-k-no,Dine-in,Takeaway,Delivery
https://www.google.com/maps/place/Trisara/data=!4m7!3m6!1s0x39eb191c82184e21:0xae1306c6b5f7cae7!8m2!3d27.7197113!4d85.3191604!16s%2Fg%2F1hd_sm0qf!19sChIJIU4YghwZ6zkR58r3tcYGE64?authuser=0&hl=en&rclk=1,Trisara,4,"2,487",Restaurant,Lazimpat Rd, Opens 8:30AM, Closes 11PM,https://lh5.googleusercontent.com/p/AF1QipM_wTpki32My7VwOgMXDnNN-j0oU9uc9ydnBKKZ=w122-h92-k-no,Dine-in,Takeaway,Delivery
https://www.google.com/maps/place/Lohsha+Ghasha+Restaurant/data=!4m7!3m6!1s0x39eb18fe733daff5:0x9c42594a58a3e06b!8m2!3d27.7105768!4d85.3123022!16s%2Fg%2F11g8g3s2t4!19sChIJ9a89c_4Y6zkRa-CjWEpZQpw?authuser=0&hl=en&rclk=1,Lohsha Ghasha Restaurant,4.3,150,Traditional restaurant,Jyatha Marg, Opens 8AM, Closes 10PM,https://lh5.googleusercontent.com/p/AF1QipPqdbVOn0F20BhsPbuN3UV-yVI-1RNe-pBz0msn=w80-h106-k-no,Dine-in,Takeaway,Delivery
https://www.google.com/maps/place/Yog+Rooftop+Garden+Restaurant+%26+Bar/data=!4m7!3m6!1s0x39eb196bd06ad379:0x8c742a026c44e2fd!8m2!3d27.7170214!4d85.307445!16s%2Fg%2F11fn25_nlv!19sChIJedNq0GsZ6zkR_eJEbAIqdIw?authuser=0&hl=en&rclk=1,Yog Rooftop Garden Restaurant & Bar,4.5,141,Restaurant,Kaldhara Marg,Opens 8AM, Closes 11:30PM,https://lh5.googleusercontent.com/p/AF1QipMkV56CfaTcHA9cZmPAUvvUbEZCMZrv9Ez2UgE8=w163-h92-k-no,Dine-in,Drive-through,No-contact delivery
https://www.google.com/maps/place/Thakali+shots+%28delicious+thakali+restaurant+%26bar%29/data=!4m7!3m6!1s0x39eb18fce6fd839d:0xca7a6a555dc0f247!8m2!3d27.7151707!4d85.3106227!16s%2Fg%2F11fzf5b8bk!19sChIJnYP95vwY6zkRR_LAXVVqeso?authuser=0&hl=en&rclk=1,Thakali shots (delicious thakali restaurant &bar),4,36,Restaurant,, Opens 9AM, Opens 2PM,https://lh5.googleusercontent.com/p/AF1QipNjnPfFQ8oIIVxyhIlbnJkYDdJv0cCp7Uw3OzkI=w80-h106-k-no,Dine-in,Takeaway,No-contact delivery
https://www.google.com/maps/place/Boddhi+Garden+Vegetarian+Restaurant/data=!4m7!3m6!1s0x39eb19442c308c3d:0xdd2688086dd2a664!8m2!3d27.7378766!4d85.3398941!16s%2Fg%2F11b6nyy9xn!19sChIJPYwwLEQZ6zkRZKbSbQiIJt0?authuser=0&hl=en&rclk=1,Boddhi Garden Vegetarian Restaurant,4.2,112,Vegan,, Opens 11AM, Closes 8PM,https://lh5.googleusercontent.com/p/AF1QipPFk8cbpLRjOOjMDPVBojxurVhPiJPaIRPzmo_M=w80-h106-k-no,Dine-in,Takeaway,Delivery
https://www.google.com/maps/place/KC%27s+Restaurant+%26+Bar/data=!4m7!3m6!1s0x39eb18fce3a058d9:0xc39bb4dcdf3df0e8!8m2!3d27.7148148!4d85.3107274!16s%2Fg%2F11gzld5nm!19sChIJ2Vig4_wY6zkR6PA939y0m8M?authuser=0&hl=en&rclk=1,KC's Restaurant & Bar,4.1,305,Fast Food,"Next, Paryatan Marg to", Opens 11AM, Closes 11PM,https://lh3.googleusercontent.com/gps-proxy/AFm_dcQ-u1NRZFVbpfwaMiJipH44S2to8DnLXQjcYM0t9lUzCDjPTbyaE33vjVu1DvFgBAVaN68pkHWcIpjSpO8GWTLBgxPxoNR3E7QgudfyRhzothdIjrNNGmIeXOuui3YzWZR0JZuzpe3n5a98RYCqADoJGm9f6C67uy1NUTaqDMi2tzk4Z0RqJG0gKHTTjoFJtuAU_g=w122-h92-k-no,Dine-in,Takeaway,No-contact delivery
https://www.google.com/maps/place/Nimto+Restaurant/data=!4m7!3m6!1s0x39eb190f281083b1:0x47819ca3c456d8a3!8m2!3d27.7180831!4d85.3097385!16s%2Fg%2F11nz0mwg4d!19sChIJsYMQKA8Z6zkRo9hWxKOcgUc?authuser=0&hl=en&rclk=1,Nimto Restaurant,4.2,22,Rice restaurant,P895+6VQ, Opens 9AM, Closes 10PM,https://lh5.googleusercontent.com/p/AF1QipOX1Oih-4MxpqAzNQB3otJ6GVwRRDxArO6H1fcI=w80-h177-k-no,Dine-in,Kerbside pickup,No-contact delivery
https://www.google.com/maps/place/Dalo+Restaurant/data=!4m7!3m6!1s0x39eb1901fd042341:0x28d8afc833cbc386!8m2!3d27.6961885!4d85.3280964!16s%2Fg%2F11mbp2nvrp!19sChIJQSME_QEZ6zkRhsPLM8iv2Cg?authuser=0&hl=en&rclk=1,Dalo Restaurant,4.6,132,Restaurant,Tanka Prasad Ghumti Sadak, Opens 10:30AM, Closes 9PM,https://lh5.googleusercontent.com/p/AF1QipMowV7i8NJfuQzCvdVhZute49tsym1UUH1hF6Av=w80-h106-k-no,Dine-in,Takeaway,Delivery
https://www.google.com/maps/place/RUMI%27s+Bistro/data=!4m7!3m6!1s0x39eb19c6a12f873f:0x4ca8f271e5ef4f4e!8m2!3d27.7392794!4d85.3488855!16s%2Fg%2F11h92pmsk3!19sChIJP4cvocYZ6zkRTk_v5XHyqEw?authuser=0&hl=en&rclk=1,RUMI's Bistro,4.2,348,Restaurant,"RUMI's Bistro, Golfutar Main Rd", Closes 2AM  , Closes 9PM,https://lh5.googleusercontent.com/p/AF1QipMaYrQ0VR2wFncF16HPVIGJm0e0juFBACsb58KI=w163-h92-k-no,Dine-in,Takeaway,Delivery
https://www.google.com/maps/place/Vino+Bistro/data=!4m7!3m6!1s0x39eb191b9c9c8ecd:0xa197c08f3d598dd3!8m2!3d27.720369!4d85.3195499!16s%2Fg%2F11btmctdsx!19sChIJzY6cnBsZ6zkR041ZPY_Al6E?authuser=0&hl=en&rclk=1,Vino Bistro,4.5,237,French,"Blue Note, Kumari Mai Marg", Opens 7AM, Closes 11PM,https://lh5.googleusercontent.com/p/AF1QipMgF4LFmH5DqFbnR4FMnnSUbVEplgk3J_FCjYwy=w122-h92-k-no,Dine-in,Takeaway,Delivery
https://www.google.com/maps/place/Antee+Chhen/data=!4m7!3m6!1s0x39eb19f3ee4f0081:0xe009c1856f2fb61b!8m2!3d27.7087276!4d85.3121247!16s%2Fg%2F11nsnpzvqr!19sChIJgQBP7vMZ6zkRG7Yvb4XBCeA?authuser=0&hl=en&rclk=1,Antee Chhen,4.8,5,Traditional restaurant,, Opens 10AM, Closes 10PM,https://lh5.googleusercontent.com/p/AF1QipM3gl1_PrSag_RIAJN7XgbXW8pEx55MNZpO9eI8=w122-h92-k-no,Dine-in,Takeaway,No-contact delivery
https://www.google.com/maps/place/Basuri+Restaurant/data=!4m7!3m6!1s0x39eb19ba5695f287:0x91d236fe2538e159!8m2!3d27.7138014!4d85.2972005!16s%2Fg%2F11h7d7_lp7!19sChIJh_KVVroZ6zkRWeE4Jf420pE?authuser=0&hl=en&rclk=1,Basuri Restaurant,4.3,231,Fast Food,, Opens 8AM, Closes 9PM,https://lh5.googleusercontent.com/p/AF1QipP3h-8rTmDkFUm7xfS0pF2NF07LQquxOwPk-eqk=w122-h92-k-no,Dine-in,Takeaway,Delivery
https://www.google.com/maps/place/Poorano+Durbar+Restaurant/data=!4m7!3m6!1s0x39eb19b538798587:0x40ceb3f0730c3c62!8m2!3d27.7174199!4d85.3114838!16s%2Fg%2F11ghnk35gm!19sChIJh4V5OLUZ6zkRYjwMc_CzzkA?authuser=0&hl=en&rclk=1,Poorano Durbar Restaurant,5,3,Nepalese,"P886+XH9, Thamel Marg", Opens 10AM, Closes 10PM,https://lh5.googleusercontent.com/p/AF1QipNqkImzaY2WXsQKgrclsAZcjhP3hoTsr5Xr3-br=w163-h92-k-no,Dine-in,Takeaway,No-contact delivery
https://www.google.com/maps/place/A+One+Natraj/data=!4m7!3m6!1s0x39eb1918328b3b23:0xca13e3610fa8406e!8m2!3d27.7279224!4d85.3240686!16s%2Fg%2F11b6g7qs8c!19sChIJIzuLMhgZ6zkRbkCoD2HjE8o?authuser=0&hl=en&rclk=1,A One Natraj,3.2,17,Fast Food,P8HF+5J8, Opens 10AM, Closes 9PM,https://lh5.googleusercontent.com/p/AF1QipPLat4YbFkH_ZzqhBwC4IhWztJ9xIbqoq3jOLP0=w163-h92-k-no,Dine-in,Takeaway,Delivery
https://www.google.com/maps/place/Haopin+Hotpot/data=!4m7!3m6!1s0x39eb192fdfc364bb:0x75f9f7ec2b4e95ef!8m2!3d27.7159026!4d85.3253656!16s%2Fg%2F11j037qcs7!19sChIJu2TD3y8Z6zkR75VOK-z3-XU?authuser=0&hl=en&rclk=1,Haopin Hotpot,4.3,425,Sichuan,"Unnamed Road, Kathmandu 44600", Opens 9AM, Closes 10PM,https://lh5.googleusercontent.com/p/AF1QipOZT1gJZp67Sxomy3ApiRbMZ9TqgDh5bs_asb3A=w122-h92-k-no,Dine-in,Takeaway,Delivery
https://www.google.com/maps/place/ABBA+Garden+Restaurant/data=!4m7!3m6!1s0x39eb19067808e503:0x879872d6563aa978!8m2!3d27.7114717!4d85.308104!16s%2Fg%2F11gjnbgjbt!19sChIJA-UIeAYZ6zkReKk6VtZymIc?authuser=0&hl=en&rclk=1,ABBA Garden Restaurant,3.9,13,Fast Food,"P865+H6Q, Yapikhya Marg", Opens 10AM, Closes 10PM,https://lh5.googleusercontent.com/p/AF1QipMB0iASk2rBxk_fNIXF_4U3Zfpk85t8MiVKw01i=w122-h92-k-no,Dine-in,Takeaway,Delivery
https://www.google.com/maps/place/Hard+Rock+Cafe+Kathmandu/data=!4m7!3m6!1s0x39eb19ec4781998d:0x710f670655f829e6!8m2!3d27.710545!4d85.3178639!16s%2Fg%2F11fmbkjmtc!19sChIJjZmBR-wZ6zkR5in4VQZnD3E?authuser=0&hl=en&rclk=1,Hard Rock Cafe Kathmandu,4.4,611,American,"Sherpa Mall, Durbar Marg", Opens 8AM, Closes 12AM,https://lh5.googleusercontent.com/p/AF1QipPd-1g9a0VgSb-CCzhPcG_fCaOYRFiKq7EPwYfs=w122-h92-k-no,Dine-in,Takeaway,No delivery
https://www.google.com/maps/place/Restaurant+Sewa%2F%E0%A4%B0%E0%A5%87%E0%A4%B7%E0%A5%8D%E0%A4%9F%E0%A5%81%E0%A4%B0%E0%A5%87%E0%A4%A8%E0%A5%8D%E0%A4%9F+%E0%A4%B8%E0%A5%87%E0%A4%B5%E0%A4%BE/data=!4m7!3m6!1s0x39eb1902e2f80c03:0xab1b81d51c0f117e!8m2!3d27.72217!4d85.3475667!16s%2Fg%2F11fp0w_d2y!19sChIJAwz44gIZ6zkRfhEPHNWBG6s?authuser=0&hl=en&rclk=1,Restaurant Sewa/रेष्टुरेन्ट सेवा,3.8,73,Restaurant,"Nearest Gopikrishna Movies, Saraswatinagar Rd", Opens 11AM, Closes 10PM,https://lh5.googleusercontent.com/p/AF1QipMaENTHClKtDTiTuxroOBJJEq6o1k1dgBl2YzFa=w163-h92-k-no,Dine-in,Takeaway,Delivery
https://www.google.com/maps/place/OPIUM+Restaurant/data=!4m7!3m6!1s0x39eb19015c3915fd:0x8006a1d322087e76!8m2!3d27.7106085!4d85.3176859!16s%2Fg%2F11gd1wk0hn!19sChIJ_RU5XAEZ6zkRdn4IItOhBoA?authuser=0&hl=en&rclk=1,OPIUM Restaurant,4,491,Grill,"Sherpa Mall, Durbarmarg,", Opens 8:30AM, Closes 10:30PM,https://lh5.googleusercontent.com/p/AF1QipNknQiwEtSOSL66dTr6T6cdN-7txG0MMTCAiYwM=w163-h92-k-no,Dine-in,Takeaway,Delivery
https://www.google.com/maps/place/Masala+Cottage/data=!4m7!3m6!1s0x39eb1850a3d95ecb:0x6bb88183d244b1c2!8m2!3d27.6978323!4d85.3037197!16s%2Fg%2F11byyqycwv!19sChIJy17Zo1AY6zkRwrFE0oOBuGs?authuser=0&hl=en&rclk=1,Masala Cottage,3.5,184,Fast Food,"M8X3+4FQ, Kalimati Rd", Opens 11:30AM, Closes 9:30PM,https://lh5.googleusercontent.com/p/AF1QipNLWy8MFhqfo6kt1NaHy39djXtLP5zKDK5nRopx=w122-h92-k-no,Dine-in,Takeaway,No-contact delivery
https://www.google.com/maps/place/Himalayan+Friendship+Restro+%26+Bar/data=!4m7!3m6!1s0x39eb190b8269dda7:0x35827e67608c3314!8m2!3d27.7135667!4d85.2974205!16s%2Fg%2F11j4dp3w5v!19sChIJp91pggsZ6zkRFDOMYGd-gjU?authuser=0&hl=en&rclk=1,Himalayan Friendship Restro & Bar,4.2,19,Restaurant,Swayambhu Marg, Opens 11AM, Closes 9PM,https://lh5.googleusercontent.com/p/AF1QipMymI5p_P6_frSChDkqZWZvNxG223FMtgEud_u1=w122-h92-k-no,Dine-in,Takeaway,Delivery
"https://www.google.com/maps/place/Piano+Piano,+Lazimpat,+Kathmandu/data=!4m7!3m6!1s0x39eb1947b9a0228d:0xa7ca9a6ca3e04521!8m2!3d27.7201877!4d85.3205714!16s%2Fg%2F11j1ck9spc!19sChIJjSKguUcZ6zkRIUXgo2yayqc?authuser=0&hl=en&rclk=1","Piano Piano, Lazimpat, Kathmandu",4.2,71,Restaurant,, Opens 11AM, Closes 11PM,https://lh5.googleusercontent.com/p/AF1QipNKmU9F7ClPDIM9clyuESy1xgM1xLrnYAMJQ1pL=w138-h92-k-no,Dine-in,Takeaway,No-contact delivery
https://www.google.com/maps/place/Vela+The+Nepali+Kitchen/data=!4m7!3m6!1s0x39eb19136f4a3763:0x1f14bba564851a42!8m2!3d27.7125304!4d85.3175674!16s%2Fg%2F11j0s64s24!19sChIJYzdKbxMZ6zkRQhqFZKW7FB8?authuser=0&hl=en&rclk=1,Vela The Nepali Kitchen,3.5,11,Nepalese,Durbar Marg, Opens 11AM, Opens 11AM ,https://lh5.googleusercontent.com/p/AF1QipOxipntMR7OAUIwxMo6o8qBIL-wuDI5g4Na6q_j=w132-h92-k-no,Dine-in,Takeaway,Delivery
https://www.google.com/maps/place/Chyang+Chung+Restaurant/data=!4m7!3m6!1s0x39eb18fd1c216a9f:0xb0c5c7b227bf8b96!8m2!3d27.7150363!4d85.3112814!16s%2Fg%2F11b6gqg_0x!19sChIJn2ohHP0Y6zkRlou_J7LHxbA?authuser=0&hl=en&rclk=1,Chyang Chung Restaurant,3.8,16,Chinese,"P886+2G7, Thamel Marg", Opens 6AM,Closes 9PM,https://lh5.googleusercontent.com/p/AF1QipOktn9XeCZcbld_XAPrd74CQ0XtKuZie5p_suO6=w163-h92-k-no,Dine-in,Takeaway,Delivery
https://www.google.com/maps/place/Mandro+Thakali+Bhanchha+Ghar/data=!4m7!3m6!1s0x39eb19014f3a8587:0x6c1506c0ef89755c!8m2!3d27.710173!4d85.3182653!16s%2Fg%2F11b6glv64v!19sChIJh4U6TwEZ6zkRXHWJ78AGFWw?authuser=0&hl=en&rclk=1,Mandro Thakali Bhanchha Ghar,3.8,93,Rice restaurant,P869+386, Opens 9AM, Closes 10PM,https://lh5.googleusercontent.com/p/AF1QipNC01QnUTOL2aCkFYrb6N9Zrzct_5WcEP0Kk338=w122-h92-k-no,Dine-in,Takeaway,No-contact delivery
https://www.google.com/maps/place/Malabar+Groove/data=!4m7!3m6!1s0x39eb19b80fe31481:0x8769552814a4f134!8m2!3d27.7153015!4d85.3130578!16s%2Fg%2F11sbz2cnvn!19sChIJgRTjD7gZ6zkRNPGkFChVaYc?authuser=0&hl=en&rclk=1,Malabar Groove,4.4,32,Indian,"Chhaya Center, Amrit Marg", Opens 11AM Sat, Closes 9:30PM,https://lh5.googleusercontent.com/p/AF1QipM4Pop5DuFzaARdYDUDIY1zuvH1-OcRJmBj_mnr=w122-h92-k-no,Dine-in,Takeaway,Delivery
