URL,Restaurant name,Rating,Total ratings,Type of restaurant,location,Opening Hours,Closing  Hours,Image URL,dining service,Dining service2,Delivery service
https://www.google.com/maps/place/OR2K+pokhara/data=!4m7!3m6!1s0x399594e1dc0b5c73:0xf6a8253597c2aaf5!8m2!3d28.213463!4d83.957285!16s%2Fg%2F11cn9jh_22!19sChIJc1wL3OGUlTkR9arClzUlqPY?authuser=0&hl=en&rclk=1,OR2K pokhara,4.3,"1,005",Mediterranean,"Baidam Rd 6, Hallanchowk, Saleways Mart, Baidam Rd", Opens 8AM,Closes 11PM,https://lh5.googleusercontent.com/p/AF1QipN2cOAQ0rfFTt1o8ZQNMYPAMXXAcKWaIelCoIau=w122-h92-k-no,Dine-in,Takeaway,Delivery
https://www.google.com/maps/place/Rosemary+Kitchen+Pokhara/data=!4m7!3m6!1s0x3995951e027339cf:0x622516f3fa01ee8c!8m2!3d28.2130458!4d83.9577494!16s%2Fg%2F11bw3yk31x!19sChIJzzlzAh6VlTkRjO4B-vMWJWI?authuser=0&hl=en&rclk=1,Rosemary Kitchen Pokhara,4.4,530,Restaurant,Baidam Rd 17, Opens 7AM,Closes 10PM,https://lh5.googleusercontent.com/p/AF1QipOddQJZRXJbXVXVIgYnRnC7NCOsDl1tNjz63Txr=w122-h92-k-no,Dine-in,Takeaway,Delivery
https://www.google.com/maps/place/Restaurant+Once+Upon+A+Time/data=!4m7!3m6!1s0x399594e1f7f9e84d:0x631b7aad946596b2!8m2!3d28.2103486!4d83.9571988!16s%2Fg%2F11clsncmwk!19sChIJTej59-GUlTkRspZllK16G2M?authuser=0&hl=en&rclk=1,Restaurant Once Upon A Time,4,133,Nepalese,6X64+4VP, Opens 9AM,Closes 10:30PM,https://lh5.googleusercontent.com/p/AF1QipMHSB5dccsSQr0jMFUGktDn4ey5x6wcXAvOq5Cy=w163-h92-k-no,Dine-in,Takeaway,Delivery
https://www.google.com/maps/place/Mo2%27S+Delights+Pokhara+%28+Momo+Delight+Pokhara+%2F+FIRST+FLOOR%29/data=!4m7!3m6!1s0x3995951ebc27df3d:0x3efd9a1de7061d22!8m2!3d28.2084313!4d83.957549!16s%2Fg%2F11cm0j53m3!19sChIJPd8nvB6VlTkRIh0G5x2a_T4?authuser=0&hl=en&rclk=1,Mo2'S Delights Pokhara ( Momo Delight Pokhara / FIRST FLOOR),4.4,641,Restaurant,Street No. 13, Opens 11AM,Closes 9:45PM,https://lh5.googleusercontent.com/p/AF1QipNQqjuiw2kQVLG4q_CW6GRnTmnYVF2YisTInf17=w122-h92-k-no,Dine-in,Kerbside pickup,Delivery
https://www.google.com/maps/place/Chilly+Bar+%26+Restaurant/data=!4m7!3m6!1s0x399594e18de837d7:0x97390453e180d685!8m2!3d28.214795!4d83.957966!16s%2Fg%2F11b6g9ldtd!19sChIJ1zfojeGUlTkRhdaA4VMEOZc?authuser=0&hl=en&rclk=1,Chilly Bar & Restaurant,4.4,846,Restaurant,, Opens 7AM,Closes 10:30PM,https://lh5.googleusercontent.com/p/AF1QipPObOnRNm9R6yhSjK8YDBf5VmQ-gjGL-_8xCdJY=w175-h92-k-no,Dine-in,Takeaway,Delivery
https://www.google.com/maps/place/Roadhouse+Cafe+Pokhara/data=!4m7!3m6!1s0x399594e1e88572fb:0xbd3e2c213e3576cc!8m2!3d28.2137523!4d83.9574043!16s%2Fg%2F11c7hfwk5w!19sChIJ-3KF6OGUlTkRzHY1PiEsPr0?authuser=0&hl=en&rclk=1,Roadhouse Cafe Pokhara,4.4,"1,106",Restaurant,, Opens 12PM,Closes 11PM,https://lh5.googleusercontent.com/p/AF1QipOF4XrJ2Tm08UmFd0pGfwjjybO6hzEgmFxFh0OI=w137-h92-k-no,Dine-in,Takeaway,Delivery
https://www.google.com/maps/place/El+Bocaito+Espa%C3%B1ol/data=!4m7!3m6!1s0x399594e6bc40d1a3:0xd305e0d00cc72eb1!8m2!3d28.220034!4d83.9576003!16s%2Fg%2F11c742fgl2!19sChIJo9FAvOaUlTkRsS7HDNDgBdM?authuser=0&hl=en&rclk=1,El Bocaito Español,4.4,204,Spanish,Kahare 6, Opens 12PM,Closes 9PM,https://lh5.googleusercontent.com/p/AF1QipOR2bd7ZwHRQaNSimUwTLrefzO58_jfqU9XrzAy=w80-h106-k-no,Dine-in,Takeaway,No delivery
https://www.google.com/maps/place/Caffe+Concerto/data=!4m7!3m6!1s0x3995951b979b309b:0x2f5e979b93cd05c1!8m2!3d28.2060582!4d83.9605686!16s%2Fg%2F1ptw_nsfm!19sChIJmzCblxuVlTkRwQXNk5uXXi8?authuser=0&hl=en&rclk=1,Caffe Concerto,4.4,"1,084",Italian,, Opens 7AM,Closes 10PM,https://lh5.googleusercontent.com/p/AF1QipMvO8GZ3T7ACLa5-ndrkfVof3ZUQ5D29fHO-wbl=w138-h92-k-no,Dine-in,Takeaway,Delivery
https://www.google.com/maps/place/Moondance+Restaurant+%26+Bar/data=!4m7!3m6!1s0x3995951eb96a2c3d:0x6793bc909713fbed!8m2!3d28.2081914!4d83.9575539!16s%2Fg%2F11b67bk6yv!19sChIJPSxquR6VlTkR7fsTl5C8k2c?authuser=0&hl=en&rclk=1,Moondance Restaurant & Bar,4.3,"1,211",Restaurant,Lakeside Rd, Opens 11AM,Closes 10:30PM,https://lh5.googleusercontent.com/p/AF1QipO__MESl_9qkvZiyorqb7PyMdw5dgQQG5OcBxEv=w104-h92-k-no,Dine-in,Takeaway,Delivery
https://www.google.com/maps/place/Byanjan/data=!4m7!3m6!1s0x3995951eec7e3a45:0xe8475d9e244d6d98!8m2!3d28.2089083!4d83.9570604!16s%2Fg%2F11cfbgfbd!19sChIJRTp-7B6VlTkRmG1NJJ5dR-g?authuser=0&hl=en&rclk=1,Byanjan,4.3,"1,044",Restaurant,Lakeside Rd 15, Opens 7AM,Closes 10PM,https://lh5.googleusercontent.com/p/AF1QipMT4SS0xikykC7JbYt0QYIxqDPDHwsepb7CVLyd=w122-h92-k-no,Dine-in,Takeaway,Delivery
https://www.google.com/maps/place/Umbrella+Cafe+and+Healing+center/data=!4m7!3m6!1s0x399594e6a4f5e747:0xc7419c3c90bf52d7!8m2!3d28.2198147!4d83.9580846!16s%2Fg%2F11c1v98bw3!19sChIJR-f1pOaUlTkR11K_kDycQcc?authuser=0&hl=en&rclk=1,Umbrella Cafe and Healing center,4.3,291,Vegetarian,, Opens 7AM,Closes 10:30PM,https://lh5.googleusercontent.com/p/AF1QipOykPcsyAyxN7x_3wv4fvTH17gKRDVuzA4R9xP0=w122-h92-k-no,Dine-in,Takeaway,Delivery
https://www.google.com/maps/place/Little+Windows/data=!4m7!3m6!1s0x399594e1e11ea1e7:0x3891cde6b53e9d76!8m2!3d28.2133712!4d83.9575007!16s%2Fg%2F11fzgzgbgk!19sChIJ56Ee4eGUlTkRdp0-tebNkTg?authuser=0&hl=en&rclk=1,Little Windows,4.5,355,Restaurant,, Opens 8AM,Closes 10:30PM,https://lh5.googleusercontent.com/p/AF1QipPiSdbnGRtJn5wFq4RbweVbKtRgtKCBVXmSCTxV=w92-h92-k-no,Dine-in,Takeaway,Delivery
https://www.google.com/maps/place/Lotus+Corner/data=!4m7!3m6!1s0x399594e7a99a8fb1:0x388728721546dcd8!8m2!3d28.2215025!4d83.9556769!16s%2Fg%2F11cn0x51jh!19sChIJsY-aqeeUlTkR2NxGFXIohzg?authuser=0&hl=en&rclk=1,Lotus Corner,4,71,Restaurant,6XC4+J73, Opens 11AM,Closes 11PM,https://lh5.googleusercontent.com/p/AF1QipMHjax8q8iiHAdUDfZx2yo0Qy3DWM-eT7teTew-=w80-h106-k-no,Dine-in,Takeaway,Delivery
https://www.google.com/maps/place/French+Creperie/data=!4m7!3m6!1s0x399594e3deb2d8f1:0xfcfd00f27b1b2434!8m2!3d28.2170838!4d83.9587202!16s%2Fg%2F11g6wd8kb6!19sChIJ8diy3uOUlTkRNCQbe_IA_fw?authuser=0&hl=en&rclk=1,French Creperie,4.6,586,Restaurant,Baidam Rd, Opens 7AM,Closes 11PM,https://lh5.googleusercontent.com/p/AF1QipOYggIpfRAMN6aFvfiimfkqWt7JDE54Rd0Gk5o8=w138-h92-k-no,Dine-in,Takeaway,No delivery
https://www.google.com/maps/place/Utopia+Garden+%26+Snacks+Bar/data=!4m7!3m6!1s0x3995951e4b600103:0xd3f73a6c7b81b0c7!8m2!3d28.2108782!4d83.9560722!16s%2Fg%2F11c0rtt02v!19sChIJAwFgSx6VlTkRx7CBe2w699M?authuser=0&hl=en&rclk=1,Utopia Garden & Snacks Bar,4.8,583,Restaurant,, Opens 9AM,Closes 11PM,https://lh5.googleusercontent.com/p/AF1QipNd9Z5wJMyAEurJr4z-H-5HCs9wMYTMpZLgxf5T=w122-h92-k-no,Dine-in,Takeaway,No delivery
https://www.google.com/maps/place/Sun+Welcome+Restaurant/data=!4m7!3m6!1s0x399594e3e440cb47:0x382ba444942f9147!8m2!3d28.2210783!4d83.9569958!16s%2Fg%2F11c53jrnht!19sChIJR8tA5OOUlTkRR5EvlESkKzg?authuser=0&hl=en&rclk=1,Sun Welcome Restaurant,4.6,96,Restaurant,Baidam Rd, Closes 2:30AM  Reopens 8AM,Closes 9PM,https://lh5.googleusercontent.com/p/AF1QipPj6yLGdqWHpKop_76Xzjr-zj40orRL_7xvbmUL=w122-h92-k-no,Dine-in,Takeaway,No delivery
https://www.google.com/maps/place/Sharma%27s+unique+Restaurant/data=!4m7!3m6!1s0x399594e6adfd53fb:0x561677a114fff79d!8m2!3d28.2201185!4d83.9575806!16s%2Fg%2F11c5_w8nln!19sChIJ-1P9reaUlTkRnff_FKF3FlY?authuser=0&hl=en&rclk=1,Sharma's unique Restaurant,4.5,64,Restaurant,6XC5+22W,Opens 7AM,Closes 10PM,https://lh5.googleusercontent.com/p/AF1QipMOgxHpHcQWAmes6NqWJpdMRGooKdy13V3fu7Xx=w122-h92-k-no,Dine-in,Takeaway,No delivery
"https://www.google.com/maps/place/Angan,+Pokhara/data=!4m7!3m6!1s0x3995944e665941b3:0x1e270118fb9aca00!8m2!3d28.2213973!4d83.9870979!16s%2Fg%2F12hp6clky!19sChIJs0FZZk6UlTkRAMqa-xgBJx4?authuser=0&hl=en&rclk=1","Angan, Pokhara",3.9,574,Vegetarian,New Pokhara Lodge Rd, Opens 7AM,Closes 8PM,https://lh5.googleusercontent.com/p/AF1QipPB_5Ph2_ynmTMtjNixowEZ_oovVObaSPAphSU=w122-h92-k-no,Dine-in,Drive-through,Delivery
https://www.google.com/maps/place/Mike%27s+Old+Kitchen/data=!4m7!3m6!1s0x3995951fce087265:0x5221d2ccdeac299c!8m2!3d28.2122233!4d83.9554633!16s%2Fg%2F1td3px40!19sChIJZXIIzh-VlTkRnCms3szSIVI?authuser=0&hl=en&rclk=1,Mike's Old Kitchen,4,246,Restaurant,Baidam Rd 6, Opens 10AM,Closes 9PM,https://lh5.googleusercontent.com/p/AF1QipPQVxRiAM_mLiSI8XE1eQ0cl1Y1Rxlc2xV2hWTP=w122-h92-k-no,Dine-in,Drive-through,No-contact delivery
https://www.google.com/maps/place/The+Old+Lan+Hua+Chinese+Restaurant+%26+Bar/data=!4m7!3m6!1s0x3995951b93eaf9e7:0xf5f1022f23c8dad9!8m2!3d28.2063435!4d83.9602454!16s%2Fg%2F11cn8skmvq!19sChIJ5_nqkxuVlTkR2drIIy8C8fU?authuser=0&hl=en&rclk=1,The Old Lan Hua Chinese Restaurant & Bar,4.2,863,Chinese,6X46+G3Q, Closes 4AM  Reopens 9AM,Closes 10PM,https://lh5.googleusercontent.com/p/AF1QipMMCUXhy5xIVuxrkubAFk3zd_OWofsb-CoS8AjP=w122-h92-k-no,Dine-in,Takeaway,Delivery
https://www.google.com/maps/place/Pokhara+Halal+Food+Land/data=!4m7!3m6!1s0x3995951e8b430bb9:0x1add28aa6e4862e1!8m2!3d28.2097983!4d83.9573037!16s%2Fg%2F11c67xpsw0!19sChIJuQtDix6VlTkR4WJIbqoo3Ro?authuser=0&hl=en&rclk=1,Pokhara Halal Food Land,4,429,Restaurant,, Opens 11AM,Closes 2:30AM,https://lh5.googleusercontent.com/p/AF1QipMRgDx6XG4ZMADbKONkazJnZTM3nI-gmOWUaLGs=w163-h92-k-no,Dine-in,Drive-through,Delivery
https://www.google.com/maps/place/Margharita+Ristorante+Italiano/data=!4m7!3m6!1s0x399594e6ee108e2d:0x37c9d6f9befd592c!8m2!3d28.2206777!4d83.9574437!16s%2Fg%2F11f2grwzmm!19sChIJLY4Q7uaUlTkRLFn9vvnWyTc?authuser=0&hl=en&rclk=1,Margharita Ristorante Italiano,4.4,175,Italian,6XC4+7XG, Opens 12PM Wed,Closes 10:30PM,https://lh5.googleusercontent.com/p/AF1QipPs9fEwKr9Z3JjENjHdJ7RBrnzS9LOtB2cxZg0c=w122-h92-k-no,Dine-in,Takeaway,Delivery
https://www.google.com/maps/place/%E0%A4%B8%E0%A5%8D%E0%A4%A5%E0%A4%BE%E0%A4%A8%E0%A5%80%E0%A4%AF+%E0%A4%AE%E0%A5%8B:+%E0%A4%AE%E0%A5%8B+%E0%A4%AD%E0%A5%8B%E0%A4%9C%E0%A4%A8%E0%A4%BE%E0%A4%B2%E0%A4%AF/data=!4m7!3m6!1s0x399594e1c5dec32d:0xbd76beecf284f52a!8m2!3d28.2140497!4d83.9566642!16s%2Fg%2F11dxs1q1j5!19sChIJLcPexeGUlTkRKvWE8uy-dr0?authuser=0&hl=en&rclk=1,,4.2,31,Restaurant,, Opens 7:30AM,Closes 10:30PM,https://lh5.googleusercontent.com/p/AF1QipMkQtREfdNaQWQYmbcPt-WZP4adzE61xI4YPC2J=w163-h92-k-no,Dine-in,Takeaway,No delivery
https://www.google.com/maps/place/New+Turkish+%26+Nepali+Kitchen+Kabap+House/data=!4m7!3m6!1s0x399595034cef0d19:0x32670bc1e11422ef!8m2!3d28.2084054!4d83.9639294!16s%2Fg%2F11gbp19wj6!19sChIJGQ3vTAOVlTkR7yIU4cELZzI?authuser=0&hl=en&rclk=1,New Turkish & Nepali Kitchen Kabap House,4.8,288,Restaurant,6X57+9H7, Opens 8AM,Closes 10PM,https://lh5.googleusercontent.com/p/AF1QipOkgHM0S5Hg_Rlqg9dR3voG3wq-FMQHyWzy2pU1=w80-h106-k-no,Dine-in,Takeaway,Delivery
https://www.google.com/maps/place/Trisara+Pokhara/data=!4m7!3m6!1s0x3995951e5e97c91b:0xc27a3dac2c253ff2!8m2!3d28.2104629!4d83.9564316!16s%2Fg%2F11c2q3chzb!19sChIJG8mXXh6VlTkR8j8lLKw9esI?authuser=0&hl=en&rclk=1,Trisara Pokhara,3.8,765,Restaurant,6X64+5HM, Opens 7AM,Closes 11PM,https://lh5.googleusercontent.com/p/AF1QipMVb9YD0iPdUVHIlkf07PenFVLtgBtG7OFHyViG=w122-h92-k-no,Dine-in,Takeaway,Delivery
https://www.google.com/maps/place/The+Harbor/data=!4m7!3m6!1s0x3995951b753b51b1:0xee1cb7951c8c6510!8m2!3d28.2059631!4d83.9613218!16s%2Fg%2F11cncdy7_w!19sChIJsVE7dRuVlTkREGWMHJW3HO4?authuser=0&hl=en&rclk=1,The Harbor,4.1,161,Restaurant,6X46+9GP, Opens 7AM,Closes 10:30PM,https://lh5.googleusercontent.com/p/AF1QipPWSxYwD4t8VLZrI8tEP4lUSWOzUrTNH8BrepQq=w138-h92-k-no,Dine-in,Takeaway,Delivery
https://www.google.com/maps/place/Fresh+Elements+Restaurant+%26+Bar/data=!4m7!3m6!1s0x3995951e75301097:0x440c372df9db7af2!8m2!3d28.2113951!4d83.9582595!16s%2Fg%2F11d_w813t5!19sChIJlxAwdR6VlTkR8nrb-S03DEQ?authuser=0&hl=en&rclk=1,Fresh Elements Restaurant & Bar,4.6,"1,510",Restaurant,Middle Path St 16, Opens 7AM,Closes 4AM,https://lh5.googleusercontent.com/p/AF1QipPywowpylTd0A2gjcPooA9Nxnqx090tJlTe7fUr=w122-h92-k-no,Dine-in,Takeaway,Delivery
https://www.google.com/maps/place/Annapurna+Garden+Cafe+%26+Lounge/data=!4m7!3m6!1s0x3995951b0f1119cb:0xc82ad6b033b47d14!8m2!3d28.2172145!4d83.9574079!16s%2Fg%2F11fznb9lry!19sChIJyxkRDxuVlTkRFH20M7DWKsg?authuser=0&hl=en&rclk=1,Annapurna Garden Cafe & Lounge,4.1,753,Restaurant,"6X84+VWH, Lakeside Rd", Opens 6AM,Closes 2AM,https://lh5.googleusercontent.com/p/AF1QipNbk0C4kZNQRC0tKB9YrI4ZrPUL0KnqZLQ4dbqT=w122-h92-k-no,Dine-in,Takeaway,Delivery
https://www.google.com/maps/place/Fewa+Lake+Restaurant+%26+Bar/data=!4m7!3m6!1s0x399595052389706f:0xf1c4ca8636585bb!8m2!3d28.2042951!4d83.964879!16s%2Fg%2F11c5t1y737!19sChIJb3CJIwWVlTkRu4VlY6hMHA8?authuser=0&hl=en&rclk=1,Fewa Lake Restaurant & Bar,4,100,Restaurant,6X37+PX6, Opens 7:30AM,Closes 10PM,https://lh5.googleusercontent.com/p/AF1QipMe4GQ1UPiuGUJlAz7wg4Q_MIxbY0I2NbH-ZRbL=w163-h92-k-no,Dine-in,Takeaway,Delivery
https://www.google.com/maps/place/Lemon+Grass+Restaurant/data=!4m7!3m6!1s0x399594e6ab270915:0xd83375ef47b96de!8m2!3d28.2187886!4d83.9584359!16s%2Fg%2F11c0tjk1q7!19sChIJFQknq-aUlTkR3pZ79F43gw0?authuser=0&hl=en&rclk=1,Lemon Grass Restaurant,4.1,49,Restaurant,Baidam Rd, Opens 7:30AM,Closes 10PM,https://lh5.googleusercontent.com/p/AF1QipPSnedNAfYbqOUVOzWc4NLBA0zfu5kvX6gjCHcR=w122-h92-k-no,Dine-in,Takeaway,Delivery
https://www.google.com/maps/place/Aozora+Japanese+Restaurant/data=!4m7!3m6!1s0x399594e277abb18f:0x19f3f571297c568e!8m2!3d28.2132922!4d83.960378!16s%2Fg%2F11cn8s12h0!19sChIJj7Grd-KUlTkRjlZ8KXH18xk?authuser=0&hl=en&rclk=1,Aozora Japanese Restaurant,4.4,548,Japanese,Phewa Marga, Opens 8AM,Closes 9PM,https://lh5.googleusercontent.com/p/AF1QipN_icyJ515u3La2vlxthZhf2ZOLzZqUL-3idTlG=w122-h92-k-no,Dine-in,Takeaway,Delivery
https://www.google.com/maps/place/Black+%26+White+Cafe/data=!4m7!3m6!1s0x3995937f05ee8679:0x87be0a60f874268!8m2!3d28.2054204!4d83.9616876!16s%2Fg%2F1v6qg0m2!19sChIJeYbuBX-TlTkRaEKHD6bgewg?authuser=0&hl=en&rclk=1,Black & White Cafe,4.3,159,Organic,Lakeside Rd, Closes 2AM  Reopens 10AM,Closes 10PM,https://lh5.googleusercontent.com/p/AF1QipMQan4L_WdY7ffgilZHXpRDo5mWpZ9kpPcqMu7E=w138-h92-k-no,Dine-in,Takeaway,Delivery
https://www.google.com/maps/place/Natssul+Korean+Restaurant/data=!4m7!3m6!1s0x3995951b18dea90f:0x7245a7b97960206e!8m2!3d28.204341!4d83.9632!16s%2Fg%2F1td4y7xf!19sChIJD6neGBuVlTkRbiBgebmnRXI?authuser=0&hl=en&rclk=1,Natssul Korean Restaurant,4.3,453,Korean,Lakeside Rd, Opens 8AM,Closes 10PM,https://lh5.googleusercontent.com/p/AF1QipNxgKNUIrSYwsTYIxi4Osu0xwYrsjBukj4oB_Fl=w122-h92-k-no,Dine-in,Takeaway,Delivery
https://www.google.com/maps/place/Anaki+Naga+Restaurant+and+Bar/data=!4m7!3m6!1s0x3995951e21f32175:0xbf748b8326801c0f!8m2!3d28.2130047!4d83.9570796!16s%2Fg%2F11ggrq857v!19sChIJdSHzIR6VlTkRDxyAJoOLdL8?authuser=0&hl=en&rclk=1,Anaki Naga Restaurant and Bar,4.3,121,Restaurant,Baidam Rd, Opens 7AM,Closes 10:30PM,https://lh5.googleusercontent.com/p/AF1QipP-3p_AkjynqAJ3_n0SyviAkdHUhEyxG4QIy2nW=w163-h92-k-no,Dine-in,Takeaway,Delivery
https://www.google.com/maps/place/Open+House+Restro+And+Lounge+bar/data=!4m7!3m6!1s0x3995944f304a3ba9:0x4fa76ae625050094!8m2!3d28.2186631!4d83.9580001!16s%2Fg%2F11g0hmq_fv!19sChIJqTtKME-UlTkRlAAFJeZqp08?authuser=0&hl=en&rclk=1,Open House Restro And Lounge bar,4.3,712,Restaurant,Lakeside Rd, Opens 8AM,Closes 2AM,https://lh5.googleusercontent.com/p/AF1QipPH_CzhQc_O0ukLgYDemexyNWgiizOuUFpXYiIT=w122-h92-k-no,Dine-in,Takeaway,No-contact delivery
https://www.google.com/maps/place/Asian+Tea+House/data=!4m7!3m6!1s0x399595e3aa53115f:0xa3d3b07e8a2ffb45!8m2!3d28.2111064!4d83.9572757!16s%2Fg%2F11fl2y8drs!19sChIJXxFTquOVlTkRRfsvin6w06M?authuser=0&hl=en&rclk=1,Asian Tea House,4.8,101,Restaurant,"Center Point, Lakeside", Opens 6:30AM,Closes 9PM,https://lh5.googleusercontent.com/p/AF1QipPm_Wni2QL1_1oN5Aydiim2K_tNNZkq6hB8pLx_=w80-h106-k-no,Dine-in,Takeaway,No-contact delivery
https://www.google.com/maps/place/Samrat+Tandoori+Restaurant/data=!4m7!3m6!1s0x3995951b698c5ccf:0x3633041de8bfaefe!8m2!3d28.2115842!4d83.957391!16s%2Fg%2F11g86_y5jp!19sChIJz1yMaRuVlTkR_q6_6B0EMzY?authuser=0&hl=en&rclk=1,Samrat Tandoori Restaurant,3.9,186,Restaurant,Street 16 lakeside, Opens 12PM,Closes 11PM,https://lh5.googleusercontent.com/p/AF1QipORD22oXkRzcipJCxXg_rfQXcdwpZwDR0PzWduA=w80-h106-k-no,Dine-in,Drive-through,No-contact delivery
https://www.google.com/maps/place/Lazeez+Halal+Food/data=!4m7!3m6!1s0x3995951bfeb92ad9:0x45aec8aaf9c18dc4!8m2!3d28.2068349!4d83.9591507!16s%2Fg%2F11cmzdl1fs!19sChIJ2Sq5_huVlTkRxI3B-arIrkU?authuser=0&hl=en&rclk=1,Lazeez Halal Food,4.3,812,Halal,Lakeside Rd 6, Opens 11AM,Closes 10PM,https://lh5.googleusercontent.com/p/AF1QipNSuUNf1ykJHAybzop9hwuwMKxj0XFB-3FvwXsv=w122-h92-k-no,Dine-in,Takeaway,No-contact delivery
https://www.google.com/maps/place/Hankook+Sarang/data=!4m7!3m6!1s0x399595cf7bfabbc9:0x3c27128ba4739344!8m2!3d28.2111212!4d83.9572675!16s%2Fg%2F11dxcjdw_x!19sChIJybv6e8-VlTkRRJNzpIsSJzw?authuser=0&hl=en&rclk=1,Hankook Sarang,3.9,165,Korean,Lakeside Rd 6, Closes 2AM  Reopens 11AM,Closes 10:15PM,https://lh5.googleusercontent.com/p/AF1QipPNyo4goEm-ARtq2hebYn-HyEmWkqV76fHO4fcQ=w122-h92-k-no,Dine-in,Takeaway,No-contact delivery
https://www.google.com/maps/place/Frituur+No.1/data=!4m7!3m6!1s0x399595c7cf72784d:0xe61e6f4102ecf93f!8m2!3d28.2115922!4d83.9581462!16s%2Fg%2F11gtz3q9r8!19sChIJTXhyz8eVlTkRP_nsAkFvHuY?authuser=0&hl=en&rclk=1,Frituur No.1,4.7,361,Fast Food,Middle Path St, Opens 6AM,Closes 11PM,https://lh5.googleusercontent.com/p/AF1QipP2mAzk0liErs0ylmiWu3rSzAOJ28rNfH5BdVB6=w122-h92-k-no,Dine-in,Kerbside pickup,Delivery
https://www.google.com/maps/place/Momotarou+Restaurant+Pokhara/data=!4m7!3m6!1s0x399594e3d9ea40bf:0x405bd0eed574faa9!8m2!3d28.2071043!4d83.9578328!16s%2Fg%2F11cjnpp61m!19sChIJv0Dq2eOUlTkRqfp01e7QW0A?authuser=0&hl=en&rclk=1,Momotarou Restaurant Pokhara,4.1,190,Japanese,Lakeside Rd 6, Opens 9AM,Closes 11PM,https://lh5.googleusercontent.com/p/AF1QipMzbInLjhtBdrxJcfibiqblzSxQeWM9apSRd7I6=w122-h92-k-no,Dine-in,Takeaway,Delivery
https://www.google.com/maps/place/Laxman+Restaurant+%26+Bar/data=!4m7!3m6!1s0x3995951b985ec581:0x773533c626b12c51!8m2!3d28.2060372!4d83.9606733!16s%2Fg%2F11cpggqgff!19sChIJgcVemBuVlTkRUSyxJsYzNXc?authuser=0&hl=en&rclk=1,Laxman Restaurant & Bar,3.3,90,Restaurant,"6X46+C77, Lakeside Rd", Opens 9AM,Closes 10PM,https://lh5.googleusercontent.com/p/AF1QipPEwTCMLL5O1qbDKs3QeWfOcCAXQrGwa3grqG4_=w122-h92-k-no,Dine-in,Takeaway,Delivery
"https://www.google.com/maps/place/Bajeko+Macha+Mahal,+Ayurveda+Fish+Restaurant./data=!4m7!3m6!1s0x39959500101843a7:0x81d258d3ce2f4da0!8m2!3d28.2128813!4d83.9736638!16s%2Fg%2F11gfhdqynd!19sChIJp0MYEACVlTkRoE0vztNY0oE?authuser=0&hl=en&rclk=1","Bajeko Macha Mahal, Ayurveda Fish Restaurant.",4.1,63,Restaurant,6X7F+5F3, Opens 7AM,Closes 9PM,https://lh5.googleusercontent.com/p/AF1QipOLQQ0l9CGNeZ_vBF5-SSYMzZ0QSyz2FoXygYXU=w122-h92-k-no,Dine-in,Takeaway,Delivery
https://www.google.com/maps/place/High+Tide+Restaurant/data=!4m7!3m6!1s0x3995951e56b2537d:0xa5a2e91e40f2522a!8m2!3d28.2105894!4d83.9558727!16s%2Fg%2F11byxfpx2n!19sChIJfVOyVh6VlTkRKlLyQB7poqU?authuser=0&hl=en&rclk=1,High Tide Restaurant,3.8,106,Restaurant,6X64+68Q, Opens 7:30AM,Closes 10PM,https://lh5.googleusercontent.com/p/AF1QipMrrZvSHkDur7EeR0hKcR79F0v-iYiBk3EPjPs=w122-h92-k-no,Dine-in,Takeaway,Delivery
https://www.google.com/maps/place/Himalayan+Dorjee+Restaurant/data=!4m7!3m6!1s0x3995944e70b24e89:0x9cdd0426c68bf87c!8m2!3d28.214326!4d83.9580391!16s%2Fg%2F11g8b61xj0!19sChIJiU6ycE6UlTkRfPiLxiYE3Zw?authuser=0&hl=en&rclk=1,Himalayan Dorjee Restaurant,4.2,173,Restaurant,Hallan chowk, Opens 10AM,Closes 9:30PM,https://lh5.googleusercontent.com/p/AF1QipMDnPgDKyGmqdp05v_4hdI1k2obN8PR8q6cRgu2=w122-h92-k-no,Dine-in,Takeaway,Delivery
https://www.google.com/maps/place/Nepali+Kitchen/data=!4m7!3m6!1s0x3995951b46a8e5e3:0x6f77d37b1c1f95d4!8m2!3d28.2063112!4d83.9628836!16s%2Fg%2F11cn93b8ld!19sChIJ4-WoRhuVlTkR1JUfHHvTd28?authuser=0&hl=en&rclk=1,Nepali Kitchen,4.3,330,Nepalese,Pragati Marga, Opens 10AM,Closes 10PM,https://lh5.googleusercontent.com/p/AF1QipObJ9JVMV4R7UNVdLvF8rmhacGo5dU--tmq74sD=w122-h92-k-no,Dine-in,Takeaway,No-contact delivery
https://www.google.com/maps/place/Tibetan+Pema+Restaurant/data=!4m7!3m6!1s0x3995950379d6d4d3:0x91e1e203dff272ac!8m2!3d28.2070295!4d83.9586111!16s%2Fg%2F11h19r8_4!19sChIJ09TWeQOVlTkRrHLy3wPi4ZE?authuser=0&hl=en&rclk=1,Tibetan Pema Restaurant,4.3,203,Restaurant,, Opens 9AM,Closes 10PM,https://lh5.googleusercontent.com/p/AF1QipOMHHwrGsOwXRoZuV3tFCV_R3lEZgbDiPtd7DGq=w122-h92-k-no,Dine-in,Kerbside pickup,No-contact delivery
https://www.google.com/maps/place/Pokhara+Family+Restaurent/data=!4m7!3m6!1s0x399595f98922410b:0x51ad199b34211153!8m2!3d28.2088102!4d83.9865816!16s%2Fg%2F11h3m7tzf2!19sChIJC0EiifmVlTkRUxEhNJsZrVE?authuser=0&hl=en&rclk=1,Pokhara Family Restaurent,3.1,14,Restaurant,Prithvi Chowk, Opens 11AM,Closes 9PM,https://lh5.googleusercontent.com/p/AF1QipNT2_9NUAuACRiIQmlqbRvUJPZLDKGg8836_tHV=w122-h92-k-no,Dine-in,Takeaway,No-contact delivery
https://www.google.com/maps/place/Tagaaro+Terrace+restaurant/data=!4m7!3m6!1s0x399594e6bde5cbeb:0x5b13880b64af5fd0!8m2!3d28.2202047!4d83.9575413!16s%2Fg%2F11g0m4p741!19sChIJ68vlveaUlTkR0F-vZAuIE1s?authuser=0&hl=en&rclk=1,Tagaaro Terrace restaurant,4.1,55,Restaurant,21, Opens 7AM,Closes 11PM,https://lh5.googleusercontent.com/p/AF1QipMxycN5Is9aWMkaeS83tJPXiwKMczMaSao8-pt2=w122-h92-k-no,Dine-in,Takeaway,Delivery
https://www.google.com/maps/place/New+Fewa+Restaurant/data=!4m7!3m6!1s0x399594e6b28b4c3b:0xc3476e52a179ac24!8m2!3d28.2190561!4d83.9578572!16s%2Fg%2F11c1l6q_jh!19sChIJO0yLsuaUlTkRJKx5oVJuR8M?authuser=0&hl=en&rclk=1,New Fewa Restaurant,4.5,57,Restaurant,Lakeside Rd, Opens 8AM,Closes 9PM,https://lh5.googleusercontent.com/p/AF1QipPUjER_xP2TpEspl3M02hkqwCRGutymXjlbzlUr=w163-h92-k-no,Dine-in,Takeaway,Delivery
https://www.google.com/maps/place/Smoking+Yak+Steakhouse+%26+Pub/data=!4m7!3m6!1s0x399595f1902af0f1:0x3568f0cb5cbea8c3!8m2!3d28.2115538!4d83.9570672!16s%2Fg%2F11fq8gmwlr!19sChIJ8fAqkPGVlTkRw6i-XMvwaDU?authuser=0&hl=en&rclk=1,Smoking Yak Steakhouse & Pub,3.9,220,Steak,"Centre Point, Lakeside Rd", Opens 10:30AM,Closes 11PM,https://lh5.googleusercontent.com/p/AF1QipOWdd4cuSnRnNBivbbBWsvpMOMKdOKJ1Fp4QrGW=w138-h92-k-no,Dine-in,Takeaway,Delivery
https://www.google.com/maps/place/Kalsang+Restaurant/data=!4m7!3m6!1s0x39959545de432141:0x6ac1ea733668fde4!8m2!3d28.2172096!4d83.9589786!16s%2Fg%2F11jsmd8rkq!19sChIJQSFD3kWVlTkR5P1oNnPqwWo?authuser=0&hl=en&rclk=1,Kalsang Restaurant,4.4,46,Tibetan,Lakeside Rd, Opens 7AM,Closes 10:30PM,https://lh5.googleusercontent.com/p/AF1QipPBdTf_KbwZDXwe7pVBjcG5-fO7AmJSux1eo_AA=w80-h117-k-no,Dine-in,Drive-through,Delivery
https://www.google.com/maps/place/Crave+Restaurant/data=!4m7!3m6!1s0x399595d73c76e035:0x3bc5a1e3c944bcf4!8m2!3d28.2070187!4d83.9592182!16s%2Fg%2F11r9pglz3x!19sChIJNeB2PNeVlTkR9LxEyeOhxTs?authuser=0&hl=en&rclk=1,Crave Restaurant,4.2,67,Family-friendly,, Opens 10AM,Closes 11PM,https://lh5.googleusercontent.com/p/AF1QipNh6B9PeDec-Y9Xq3rEc6UdLvQ35AD23BN4YDo9=w122-h92-k-no,Dine-in,Takeaway,Delivery
https://www.google.com/maps/place/Pokhara+Nanglo+House/data=!4m7!3m6!1s0x399595b9cff83fb7:0xe07017dc49edd640!8m2!3d28.2135141!4d83.9573445!16s%2Fg%2F11hf1b6x70!19sChIJtz_4z7mVlTkRQNbtSdwXcOA?authuser=0&hl=en&rclk=1,Pokhara Nanglo House,3.1,12,Restaurant,6X74+CW5, Opens 8AM,Closes 11PM,https://lh5.googleusercontent.com/p/AF1QipP8jJujRPvMlBlg9lCV0rZfQuNzvdAYCfqJIOmR=w163-h92-k-no,Dine-in,Takeaway,Delivery
https://www.google.com/maps/place/Hot+Sandwich+Corner+and+Cheese+Shop/data=!4m7!3m6!1s0x3995951e7da88c97:0x22d4e688a8f8c1f1!8m2!3d28.2102507!4d83.9579459!16s%2Fg%2F11cmgr02t5!19sChIJl4yofR6VlTkR8cH4qIjm1CI?authuser=0&hl=en&rclk=1,Hot Sandwich Corner and Cheese Shop,4.6,323,Restaurant,"street no.15, pahari marga, Da Yatra St", Opens 8AM,Closes 9PM,https://lh5.googleusercontent.com/p/AF1QipOEq8Q3ixUy6QDJcGe0dNveZS5m36j_62mONOkH=w163-h92-k-no,Dine-in,Takeaway,Delivery
https://www.google.com/maps/place/Srijana+farm+pokhara/data=!4m7!3m6!1s0x399594e18dccebb1:0x2566547599361c3f!8m2!3d28.2147972!4d83.9580333!16s%2Fg%2F11c6_ws13f!19sChIJsevMjeGUlTkRPxw2mXVUZiU?authuser=0&hl=en&rclk=1,Srijana farm pokhara,4,55,Restaurant,Baidam Rd, Closes 2:30AM  Reopens 8:30AM,Closes 10PM,https://lh5.googleusercontent.com/p/AF1QipPvvJmGjKwcmmPzCuKo32szI9C2c6AAw7zq3NEF=w92-h92-k-no,Dine-in,Takeaway,Delivery
https://www.google.com/maps/place/Asian+Food+Land/data=!4m7!3m6!1s0x399595ce210a5311:0xb96fb7b738ceac73!8m2!3d28.2054736!4d83.9760077!16s%2Fg%2F11h0899l2l!19sChIJEVMKIc6VlTkRc6zOOLe3b7k?authuser=0&hl=en&rclk=1,Asian Food Land,4.2,104,Asian,Pokhara 邮政编码:, Opens 6:30AM,Closes 8PM,https://lh5.googleusercontent.com/p/AF1QipOhP2aM3XD2IgXzgUxHNG3qRrvSkL7CAiDZ8Vid=w122-h92-k-no,Dine-in,Takeaway,Delivery
https://www.google.com/maps/place/Red+Apple+Restro+%26+Bar/data=!4m7!3m6!1s0x3995953b0fd08885:0xe958b2aacb3aaea9!8m2!3d28.2137258!4d83.9586232!16s%2Fg%2F11h_ft5dkj!19sChIJhYjQDzuVlTkRqa46y6qyWOk?authuser=0&hl=en&rclk=1,Red Apple Restro & Bar,4.3,14,Restaurant,6X75+FCX,Opens 7AM,Closes 10:30PM,https://lh5.googleusercontent.com/p/AF1QipMJEkCO7A7qu_C_phk14xiRZEj6S0ua5bzwIk2g=w122-h92-k-no,Dine-in,Takeaway,Delivery
https://www.google.com/maps/place/Dragon+Pokhara/data=!4m7!3m6!1s0x3995951bbcf8e6e3:0x5e49d4c41eb28ea2!8m2!3d28.2128949!4d83.9618888!16s%2Fg%2F11pf5k4pz3!19sChIJ4-b4vBuVlTkRoo6yHsTUSV4?authuser=0&hl=en&rclk=1,Dragon Pokhara,4.2,17,Chinese,Lakeside Rd 06, Opens 8AM,Closes 9:45PM,https://lh5.googleusercontent.com/p/AF1QipOQYehT_9hubrl03YOsrcyFBpjnBLhoWkdMidlh=w80-h106-k-no,Dine-in,Drive-through,Delivery
https://www.google.com/maps/place/Deja+Vu/data=!4m7!3m6!1s0x399594e6bb14555f:0x5ada0ae2945d9c75!8m2!3d28.2197894!4d83.9578568!16s%2Fg%2F11dybf3r0v!19sChIJX1UUu-aUlTkRdZxdlOIK2lo?authuser=0&hl=en&rclk=1,Deja Vu,4.3,71,Restaurant,6X95+W49,Opens 7AM,Closes 8PM,https://lh5.googleusercontent.com/p/AF1QipOKVtUNIN7VyTjmwQKvwtU8CIDRxOdSDq7aimMG=w122-h92-k-no,Dine-in,Takeaway,Delivery
https://www.google.com/maps/place/Mint%27s+Hut/data=!4m7!3m6!1s0x399594e6be285b17:0xf0ca0ad059e34613!8m2!3d28.2202508!4d83.9574682!16s%2Fg%2F11dxrr61sv!19sChIJF1sovuaUlTkRE0bjWdAKyvA?authuser=0&hl=en&rclk=1,Mint's Hut,3.9,327,Restaurant,6XC4+4X4, Opens 8AM,Closes 11PM,https://lh5.googleusercontent.com/p/AF1QipNFOPV97RR9t9o1lc0BrIdOjBCfj1ylNPz6IRR8=w192-h92-k-no,Dine-in,Takeaway,Delivery
https://www.google.com/maps/place/Rajwadi+Restaurant+-+Taste+of+Rajasthan+%28Gaurighat%29/data=!4m7!3m6!1s0x3995952490478bbd:0x5d60680d98dbbda7!8m2!3d28.2051182!4d83.961902!16s%2Fg%2F11q250_lr4!19sChIJvYtHkCSVlTkRp73bmA1oYF0?authuser=0&hl=en&rclk=1,Rajwadi Restaurant - Taste of Rajasthan (Gaurighat),4.5,157,Vegetarian,Lakeside Rd, Opens 8AM,Closes 11PM,https://lh5.googleusercontent.com/p/AF1QipN93glpKVfjqfnKyQ8-GVS0IbCMh7pUg9ZR_wrR=w122-h92-k-no,Dine-in,Drive-through,Delivery
https://www.google.com/maps/place/Alina+Thakali+Bhancha+Ghar+%26+Restaurant/data=!4m7!3m6!1s0x39959545ca9df4ab:0xb1b2a58f2ea48a6!8m2!3d28.2061804!4d83.9617571!16s%2Fg%2F11fqt_qs3r!19sChIJq_SdykWVlTkRpkjq8lgqGws?authuser=0&hl=en&rclk=1,Alina Thakali Bhancha Ghar & Restaurant,3.5,11,Restaurant,, Opens 7AM,Closes 12AM,https://lh5.googleusercontent.com/p/AF1QipOQbo0l405Ix302pwCGMRZiLc0qyx4pTe802M2r=w189-h92-k-no,Dine-in,Takeaway,Delivery
https://www.google.com/maps/place/Tungna+Restaurant+%26+Lounge+Bar/data=!4m7!3m6!1s0x3995944e701f08cd:0x55357d9210bcfb2e!8m2!3d28.221018!4d83.9869709!16s%2Fg%2F1pp2tvjyt!19sChIJzQgfcE6UlTkRLvu8EJJ9NVU?authuser=0&hl=en&rclk=1,Tungna Restaurant & Lounge Bar,4,136,Restaurant,6XCP+CQ5, Opens 10:30AM,Closes 11PM,https://lh5.googleusercontent.com/p/AF1QipMYDat_cXMRdqMV7DgNLbzZX70wwRzA-CPiA9VG=w122-h92-k-no,Dine-in,Takeaway,Delivery
https://www.google.com/maps/place/Pokhara+Pizza+House/data=!4m7!3m6!1s0x399594e3d13aba1d:0x3f54dc73c5dc2979!8m2!3d28.2095959!4d83.9563815!16s%2Fg%2F11b62q9zkx!19sChIJHbo60eOUlTkReSncxXPcVD8?authuser=0&hl=en&rclk=1,Pokhara Pizza House,3.9,196,Pizza,Lakeside Rd, Opens 6AM,Closes 11PM,https://lh5.googleusercontent.com/p/AF1QipO-2fqku1RBCvMDyF_5FouT0ZajwNQvc7MsophQ=w128-h92-k-no,Dine-in,Takeaway,Delivery
https://www.google.com/maps/place/New+Era+Restaurant+and+Party+Palace/data=!4m7!3m6!1s0x399595aadc9cf72d:0x17e459fb3a3eb84b!8m2!3d28.2127613!4d83.9764238!16s%2Fg%2F11c45q0kx_!19sChIJLfec3KqVlTkRS7g-OvtZ5Bc?authuser=0&hl=en&rclk=1,New Era Restaurant and Party Palace,3.7,159,Restaurant,"0KM, Firke,", Opens 8AM,Closes 9:30PM,https://lh5.googleusercontent.com/p/AF1QipPrM52bq9n1sWWZYCGGnZOyHymehB92DL_g1uyp=w122-h92-k-no,Dine-in,Takeaway,Delivery
https://www.google.com/maps/place/Naan+House/data=!4m7!3m6!1s0x3995951d49b801bd:0xa78c4a539beff639!8m2!3d28.2119034!4d83.9633882!16s%2Fg%2F11c5xkt134!19sChIJvQG4SR2VlTkROfbvm1NKjKc?authuser=0&hl=en&rclk=1,Naan House,4,71,Restaurant,Lakeside Rd, Opens 7AM,Closes 9:30PM,https://lh5.googleusercontent.com/p/AF1QipNun5NTV4h-ly1YzapVCkFv7W4EqEBCX3Fqx8L4=w80-h106-k-no,Dine-in,Takeaway,Delivery
https://www.google.com/maps/place/Dragon+Tibetian+Mo:Mo+and+Shabhaklape+Restaurant/data=!4m7!3m6!1s0x399595e45e442273:0xed3ae43a1cd18719!8m2!3d28.2091587!4d83.9790179!16s%2Fg%2F11rsfbj_x2!19sChIJcyJEXuSVlTkRGYfRHDrkOu0?authuser=0&hl=en&rclk=1,Dragon Tibetian Mo:Mo and Shabhaklape Restaurant,3.7,51,Tibetan,6X5H+MJ6,Opens 7AM,Closes 9:30PM,https://lh5.googleusercontent.com/p/AF1QipOb2dMzZOhqWzrYufm7yPjq7jybkmd4Zl-o19do=w80-h106-k-no,Dine-in,Takeaway,Delivery
https://www.google.com/maps/place/Spice+Nepal+Pure+Vegetarian/data=!4m7!3m6!1s0x3995951daf7d3cfb:0x80d80b06360e3f4b!8m2!3d28.2109516!4d83.9607503!16s%2Fg%2F11csq1phy2!19sChIJ-zx9rx2VlTkRSz8ONgYL2IA?authuser=0&hl=en&rclk=1,Spice Nepal Pure Vegetarian,4.8,267,Restaurant,16, Opens 8AM,Closes 8PM,https://lh5.googleusercontent.com/p/AF1QipPrIZ3XyoADteiuZ-auLZW70VcEruRiaQNOvO-G=w122-h92-k-no,Dine-in,Takeaway,Delivery
https://www.google.com/maps/place/Hot+N+Spicy+Kitchen+N+Bakery+Cafe%28%E0%A4%AE%E0%A4%9F%E0%A5%8D%E0%A4%95%E0%A4%BE+%E0%A4%9A%E0%A4%BF%E0%A4%AF%E0%A4%BE+%E0%A4%AA%E0%A4%B8%E0%A4%B2%29/data=!4m7!3m6!1s0x39959556c3fc986f:0xa127bc1932af7c21!8m2!3d28.2197864!4d83.9777907!16s%2Fg%2F11j7bbtycb!19sChIJb5j8w1aVlTkRIXyvMhm8J6E?authuser=0&hl=en&rclk=1,Hot N Spicy Kitchen N Bakery Cafe(मट्का चिया पसल),4.1,83,Restaurant,Pokhara-Baglung Hwy,Opens 7AM,Closes 5PM,https://lh5.googleusercontent.com/p/AF1QipP-k4uUQ_jWnW9GDsT9b3UWtYQ-zsv6Rkr9ISAf=w80-h106-k-no,Dine-in,Kerbside pickup,No-contact delivery
https://www.google.com/maps/place/Punjabi+Restaurant+100%25+Veg/data=!4m7!3m6!1s0x39959534a1a5fb09:0xfefa2b3024bd387e!8m2!3d28.2118451!4d83.9570588!16s%2Fg%2F1td6qmtz!19sChIJCfuloTSVlTkRfji9JDAr-v4?authuser=0&hl=en&rclk=1,Punjabi Restaurant 100% Veg,3.2,709,Restaurant,Center point, Opens 8AM,Closes 11PM,https://lh5.googleusercontent.com/p/AF1QipOSY2asfeZ57qnaCFJaHWX12qxFTpRhxEyYenjo=w122-h92-k-no,Dine-in,Takeaway,No-contact delivery
https://www.google.com/maps/place/The+Juicery+Cafe/data=!4m7!3m6!1s0x399594e6fb239279:0xc2132283e08fec54!8m2!3d28.2205057!4d83.9570837!16s%2Fg%2F11c1_vz5fy!19sChIJeZIj--aUlTkRVOyP4IMiE8I?authuser=0&hl=en&rclk=1,The Juicery Cafe,4.3,"1,052",Cafe,opposite 3 sisters guesthouse Street No. 22A Bangladi, Opens 11AM,Closes 11PM,https://lh5.googleusercontent.com/p/AF1QipNzkNZaz_u1O7HEkZUnpPQWushe0URSODAB9efB=w80-h106-k-no,Dine-in,Takeaway,No-contact delivery
https://www.google.com/maps/place/Pokhara+Sukuti+House+Restaurant+%26+Bar/data=!4m7!3m6!1s0x399595b4908abf23:0x2a2136dcce19ca64!8m2!3d28.216204!4d83.9571772!16s%2Fg%2F11pv0gmkzx!19sChIJI7-KkLSVlTkRZMoZztw2ISo?authuser=0&hl=en&rclk=1,Pokhara Sukuti House Restaurant & Bar,3,2,Restaurant,"6X84+FVM, gantavya St", Opens 8AM,Closes 11PM,https://lh5.googleusercontent.com/p/AF1QipNZ3hAf1ngFSPJ5UJd2IhrpMzemXPlfV0YYlfDB=w122-h92-k-no,Dine-in,Takeaway,No-contact delivery
https://www.google.com/maps/place/Almond%27s+Cafe+%26+Restaurant/data=!4m7!3m6!1s0x3995951e69e2fd27:0xc6c74746303e0ea4!8m2!3d28.2111215!4d83.9572583!16s%2Fg%2F11ddwxc15l!19sChIJJ_3iaR6VlTkRpA4-MEZHx8Y?authuser=0&hl=en&rclk=1,Almond's Cafe & Restaurant,3.8,125,Restaurant,6X64+CWR, Opens 9AM,Closes 10PM,https://lh5.googleusercontent.com/p/AF1QipMqnzZ2yGnUAzvjAy4lUkSMhGdMHSvwEMqDNRNQ=w184-h92-k-no,Dine-in,Takeaway,Delivery
https://www.google.com/maps/place/Pokhara+Bhetghat+Restaurant+and+Champaran+Meat+House/data=!4m7!3m6!1s0x3995953adeef05fd:0x6881f926ddc650dc!8m2!3d28.2121561!4d83.9795215!16s%2Fg%2F11v5f4fgjm!19sChIJ_QXv3jqVlTkR3FDG3Sb5gWg?authuser=0&hl=en&rclk=1,Pokhara Bhetghat Restaurant and Champaran Meat House,4.5,31,Indian,6X6H+QQ4,Opens 7AM,Closes 11PM,https://lh5.googleusercontent.com/p/AF1QipPvM566EP0jkRnqCbmRJ7zarNSIdGENxgNXgBGi=w122-h92-k-no,Dine-in,Takeaway,Delivery
https://www.google.com/maps/place/Lake+Lovers+Caf%C3%A9/data=!4m7!3m6!1s0x3995950015c7f95d:0x629a07e9c057d36e!8m2!3d28.2197643!4d83.9577505!16s%2Fg%2F11h6tjbm2l!19sChIJXfnHFQCVlTkRbtNXwOkHmmI?authuser=0&hl=en&rclk=1,Lake Lovers Café,4.8,81,Restaurant,Lakeside 6, Opens 1PM,Closes 10:30PM,https://lh5.googleusercontent.com/p/AF1QipP5CQcWTPPjQ-eughuqZv4QT-sAC6DDCr9-gnar=w122-h92-k-no,Dine-in,Takeaway,Delivery
https://www.google.com/maps/place/The+Muglan+Restaurant/data=!4m7!3m6!1s0x399595ad82741f3f:0xf330921a14fb8f37!8m2!3d28.2113816!4d83.9844109!16s%2Fg%2F11gflyl5cf!19sChIJPx90gq2VlTkRN4_7FBqSMPM?authuser=0&hl=en&rclk=1,The Muglan Restaurant,4,335,Restaurant,New Rd, Closes 8AM,Closes 9:45PM,https://lh5.googleusercontent.com/p/AF1QipPHWH1YgUxt9f4A5UmA5t6VVPT1eAsAPKoVdeDg=w122-h92-k-no,Dine-in,Takeaway,Delivery
https://www.google.com/maps/place/Soho+Pokhara/data=!4m7!3m6!1s0x399595b7ae08dc57:0x63f0ac36868d27df!8m2!3d28.2099163!4d83.9559932!16s%2Fg%2F11ffmnhf2x!19sChIJV9wIrreVlTkR3yeNhjas8GM?authuser=0&hl=en&rclk=1,Soho Pokhara,4,46,Restaurant,"6X54+X99, Fewa Marga, Lakeside Rd", Opens 8AM,Closes 11PM,https://lh5.googleusercontent.com/p/AF1QipM1VuOIDdilRKUA8veCGaaq2AH5aeI1ytCsaYu4=w80-h107-k-no,Dine-in,Takeaway,Delivery
https://www.google.com/maps/place/Third+Eye+Restaurant+%26+Bar/data=!4m7!3m6!1s0x3995958d6c6b9ab9:0x13d7b4be73efa531!8m2!3d28.2227946!4d83.9874216!16s%2Fg%2F11fm3crywx!19sChIJuZprbI2VlTkRMaXvc7601xM?authuser=0&hl=en&rclk=1,Third Eye Restaurant & Bar,3.8,4,Restaurant,6XFP+4X7, Opens 8AM,Closes 11PM,https://lh5.googleusercontent.com/p/AF1QipP7thewmB9ZZt8laxVbp363PxyopsmgYhtWXu-j=w122-h92-k-no,Dine-in,Takeaway,Delivery
https://www.google.com/maps/place/Moonlight+Garden+Korean+Restaurant/data=!4m7!3m6!1s0x3995951d71b1fc57:0x16d349b4e041eed0!8m2!3d28.2122633!4d83.9617357!16s%2Fg%2F11cn0q8m8f!19sChIJV_yxcR2VlTkR0O5B4LRJ0xY?authuser=0&hl=en&rclk=1,Moonlight Garden Korean Restaurant,3.6,9,Korean,6X66+WM5, Opens 11AM,Closes 11PM,https://maps.gstatic.com/tactile/pane/result-no-thumbnail-1x.png,Dine-in,Takeaway,Delivery
https://www.google.com/maps/place/Mustang+Thakali+Restaurant/data=!4m7!3m6!1s0x399594e1ef3c8f1d:0x7102d09f6deeb836!8m2!3d28.2138989!4d83.957571!16s%2Fg%2F11f2rrr7h4!19sChIJHY887-GUlTkRNrjubZ_QAnE?authuser=0&hl=en&rclk=1,Mustang Thakali Restaurant,3.9,27,Restaurant,6X75+H24, Opens 7AM,Closes 10PM,https://lh5.googleusercontent.com/p/AF1QipOHPkkMSsWvczlCqfAxFu-DmVN4fjTg3_b0kf2_=w163-h92-k-no,Dine-in,Takeaway,Delivery
https://www.google.com/maps/place/Chandan+Tandoori+Restaurant/data=!4m7!3m6!1s0x399595b4d19c24fd:0x80c310c81ccba4c5!8m2!3d28.224447!4d83.9852911!16s%2Fg%2F11gjtbpvwg!19sChIJ_SSc0bSVlTkRxaTLHMgQw4A?authuser=0&hl=en&rclk=1,Chandan Tandoori Restaurant,4.7,3,Restaurant,"Chipledhunga, Siddharthachowk Pokhara, Nepal", Opens 7AM,Closes 9PM,https://lh5.googleusercontent.com/p/AF1QipPoZGp8kkIEKP8tutUFdpRQ8GxTCYMAZu2T3Dxo=w90-h92-k-no,Dine-in,Takeaway,Delivery
https://www.google.com/maps/place/Garam+Masala+Tanduri+Restaurant/data=!4m7!3m6!1s0x399594e18d9d9435:0x28ad37076314458d!8m2!3d28.214761!4d83.9579617!16s%2Fg%2F11f2t0jmlk!19sChIJNZSdjeGUlTkRjUUUYwc3rSg?authuser=0&hl=en&rclk=1,Garam Masala Tanduri Restaurant,3.5,2,Indian,6X75+W54, Opens 7AM,Closes 10PM,https://lh5.googleusercontent.com/p/AF1QipP9XpR5RmOSQkCKEYdjArEjTE_cwt5vjUszQ3Ux=w163-h92-k-no,Dine-in,Takeaway,Delivery
https://www.google.com/maps/place/Triple+J+Restaurant/data=!4m7!3m6!1s0x399595b61cff3eeb:0xb81735b9f8c96382!8m2!3d28.2181288!4d83.9576761!16s%2Fg%2F11pc4d5q41!19sChIJ6z7_HLaVlTkRgmPJ-Lk1F7g?authuser=0&hl=en&rclk=1,Triple J Restaurant,4.3,32,Restaurant,Lakeside Rd 6, Opens 7AM,Closes 10PM,https://lh5.googleusercontent.com/p/AF1QipN00vQNHlZmlDTfF6aEMVscwcNgdIfyJqMGN8ld=w199-h92-k-no,Dine-in,Takeaway,Delivery
https://www.google.com/maps/place/PFC+Pokhara/data=!4m7!3m6!1s0x399595b25bed64e9:0x2630addbc98f23cb!8m2!3d28.2110538!4d83.9865207!16s%2Fg%2F11c5s52v3z!19sChIJ6WTtW7KVlTkRyyOPydutMCY?authuser=0&hl=en&rclk=1,PFC Pokhara,3.4,9,Restaurant,Nayabazar Rd 5, Opens 7AM,Closes 8PM,https://lh5.googleusercontent.com/p/AF1QipNAi8cHrhXvngXugj2cuAgsSdOQpc_5mjHuIVUP=w122-h92-k-no,Dine-in,Takeaway,Delivery
https://www.google.com/maps/place/MoBu+Restaurant+and+Cafe/data=!4m7!3m6!1s0x39959533d5ce1233:0x843c7b1e831ef16f!8m2!3d28.2139806!4d83.9729912!16s%2Fg%2F11smvsp_yh!19sChIJMxLO1TOVlTkRb_Eegx57PIQ?authuser=0&hl=en&rclk=1,MoBu Restaurant and Cafe,4.3,24,Fast Food,Phewa Marga, Opens 7AM,Closes 9:30PM,https://lh5.googleusercontent.com/p/AF1QipOY8wLj9k9YpVAkkfSeMo0rVa65yzSjHYydU8wV=w197-h92-k-no,Dine-in,Takeaway,Delivery
https://www.google.com/maps/place/Royal+Pokhara+Restro+And+Launge+Bar/data=!4m7!3m6!1s0x3995944fb9254f13:0xce930f22ede03ea4!8m2!3d28.2241664!4d83.9865661!16s%2Fg%2F11c7001kg8!19sChIJE08luU-UlTkRpD7g7SIPk84?authuser=0&hl=en&rclk=1,Royal Pokhara Restro And Launge Bar,5,2,Restaurant,"6XFP+MJ8, Chiple Dhunga Rd", Opens 7AM,Closes 10PM,https://lh5.googleusercontent.com/p/AF1QipOgNRAb4suyaf_iYT8F3XjSZw3bF04omE1CapAJ=w122-h92-k-no,Dine-in,Takeaway,Delivery
https://www.google.com/maps/place/Nanglo+Thakali+Bhancha+Ghar/data=!4m7!3m6!1s0x399595db20c396c3:0x850e634206969f78!8m2!3d28.2135794!4d83.9609357!16s%2Fg%2F11qsm9n2s2!19sChIJw5bDINuVlTkReJ-WBkJjDoU?authuser=0&hl=en&rclk=1,Nanglo Thakali Bhancha Ghar,4.6,62,Restaurant,Dhikopatan 6 Pokhara lakeside, Opens 7AM,Closes 10:30PM,https://lh5.googleusercontent.com/p/AF1QipOC_0Wibj_yxCfjxnQcvQSs3lerAWo0NQJACI-Z=w199-h92-k-no,Dine-in,Takeaway,Delivery
https://www.google.com/maps/place/Silk+Road+restaurant+and+Bar/data=!4m7!3m6!1s0x3995958bcbe8cd23:0x149ce2ede118ac29!8m2!3d28.2195232!4d83.9579199!16s%2Fg%2F11j_2bfjv8!19sChIJI83oy4uVlTkRKawY4e3inBQ?authuser=0&hl=en&rclk=1,Silk Road restaurant and Bar,4.6,36,Restaurant,Baidam Rd, Opens 8AM,Closes 11PM,https://lh5.googleusercontent.com/p/AF1QipPizUtcveCDPMHctMXFQqiJsqNgyp27fC4N6TzU=w80-h106-k-no,Dine-in,Takeaway,Delivery
https://www.google.com/maps/place/Baral+Brothers+Restaurant/data=!4m7!3m6!1s0x399595002764b93d:0xbda590e946460a07!8m2!3d28.213653!4d83.9726395!16s%2Fg%2F11g8tzb149!19sChIJPblkJwCVlTkRBwpGRumQpb0?authuser=0&hl=en&rclk=1,Baral Brothers Restaurant,4.3,44,Restaurant,6X7F+F36, Opens 8AM,Closes 8PM,https://lh5.googleusercontent.com/p/AF1QipPfEZod15QGDSKVvijFvt0UTot8_vG_VYZbIP7o=w122-h92-k-no,Dine-in,Takeaway,Delivery
https://www.google.com/maps/place/Gurung+khaja+ghar/data=!4m7!3m6!1s0x399595e84ba2ff31:0x255ed9c6f1c0b388!8m2!3d28.2078851!4d83.9644309!16s%2Fg%2F11j_xy3c_s!19sChIJMf-iS-iVlTkRiLPA8cbZXiU?authuser=0&hl=en&rclk=1,Gurung khaja ghar,5,1,Restaurant,"lakeside, Pokhara 6", Opens 8AM,Closes 8PM,https://lh5.googleusercontent.com/p/AF1QipO1F0n2CGyZh8R80pFqJQ45652yuBimLmmehOQZ=w80-h106-k-no,Dine-in,Takeaway,Delivery
https://www.google.com/maps/place/Bohemian+Rhapsody+Restro/data=!4m7!3m6!1s0x3995958b5e146e9d:0xb238d89306a99e12!8m2!3d28.2174493!4d83.958693!16s%2Fg%2F11fb0sy_6_!19sChIJnW4UXouVlTkREp6pBpPYOLI?authuser=0&hl=en&rclk=1,Bohemian Rhapsody Restro,2.4,32,Restaurant,, Opens 8AM,Opens 11AM ,https://lh5.googleusercontent.com/p/AF1QipNf3xl6-JeyYQn8VaJFJpWiq9WN_r23ojxq4GOp=w122-h92-k-no,Dine-in,Takeaway,Delivery
https://www.google.com/maps/place/Barahi+Thakali+Kitchen+%26+Restaurant+Pokhara/data=!4m7!3m6!1s0x3995958c077ba4fd:0x83df6315628ee5c3!8m2!3d28.2138934!4d83.9603058!16s%2Fg%2F11tmwdw1ky!19sChIJ_aR7B4yVlTkRw-WOYhVj34M?authuser=0&hl=en&rclk=1,Barahi Thakali Kitchen & Restaurant Pokhara,3.9,42,Restaurant,Lake Side, Opens 8AM,Closes 11PM,https://lh5.googleusercontent.com/p/AF1QipMQPfq3AP-5govyMJnWhGEQmlJIfsJo8Y6nCI7L=w122-h92-k-no,Dine-in,Takeaway,Delivery
https://www.google.com/maps/place/All+In+One+Restaurant/data=!4m7!3m6!1s0x399594e1fd4f4a33:0x78522a8c172fa046!8m2!3d28.212929!4d83.9577212!16s%2Fg%2F11c0xc_7zs!19sChIJM0pP_eGUlTkRRqAvF4wqUng?authuser=0&hl=en&rclk=1,All In One Restaurant,4.7,38,Restaurant,6X75+53H, Opens 8AM,Closes 11PM,https://lh5.googleusercontent.com/p/AF1QipPu2T6NN44UjdN1l_Fo4nYgLHXI7wpCWeIYGuqZ=w163-h92-k-no,Dine-in,Takeaway,Delivery
"https://www.google.com/maps/place/Kumar+resturent,New+road+pokhara/data=!4m7!3m6!1s0x3995955faf4a8d3d:0x9509baeece103aec!8m2!3d28.2116688!4d83.9846424!16s%2Fg%2F11mtffq19c!19sChIJPY1Kr1-VlTkR7DoQzu66CZU?authuser=0&hl=en&rclk=1","Kumar resturent,New road pokhara",3.8,15,Restaurant,6X6M+MV6, Opens 8AM,Closes 11PM,https://lh5.googleusercontent.com/p/AF1QipMQNFUEBssQLuc1XELhQ7_aZAu8jgLicNj0XUgK=w163-h92-k-no,Dine-in,Takeaway,Delivery
https://www.google.com/maps/place/Bhandari+Restaurant/data=!4m7!3m6!1s0x399595adb8ea2a7f:0x92126105e49c2197!8m2!3d28.2098615!4d83.9833099!16s%2Fg%2F11by_n_jzt!19sChIJfyrquK2VlTkRlyGc5AVhEpI?authuser=0&hl=en&rclk=1,Bhandari Restaurant,3.9,18,Restaurant,"6X5M+W8V, Shavagriha chowk sivalaye marg", Opens 8AM,Closes 11PM,https://lh5.googleusercontent.com/p/AF1QipPj312csbDAgcQU74obYgIr-oVrQTgfAU21Y86D=w80-h106-k-no,Dine-in,Takeaway,Delivery
https://www.google.com/maps/place/Aarshibad+Indian+Restaurant+lakeside+6+pokhara/data=!4m7!3m6!1s0x399595e913ed8d8f:0xbfe584b0563c47e6!8m2!3d28.2095831!4d83.9855674!16s%2Fg%2F11hzqgmfdf!19sChIJj43tE-mVlTkR5kc8VrCE5b8?authuser=0&hl=en&rclk=1,Aarshibad Indian Restaurant lakeside 6 pokhara,3.8,15,Restaurant,6X5P+R6P, Opens 8AM,Closes 10PM,https://lh5.googleusercontent.com/p/AF1QipP2PbgpoArvOP5zYzSqzOae7j08pPfM3VJktBd2=w80-h116-k-no,Dine-in,Takeaway,Delivery
https://www.google.com/maps/place/Red+Brick+bar+and+grill/data=!4m7!3m6!1s0x3995edfa35d59bb5:0x1a5f5f4ac41622ba!8m2!3d28.2129885!4d83.9580311!16s%2Fg%2F11llyk60ml!19sChIJtZvVNfrtlTkRuiIWxEpfXxo?authuser=0&hl=en&rclk=1,Red Brick bar and grill,4.6,89,Restaurant,"Lalupate Marg, 17th street", Opens 8AM,Closes 12AM,https://lh5.googleusercontent.com/p/AF1QipMnkDy1EwyDgvSyXMywI_P7uCD87X_ucRhINvsI=w122-h92-k-no,Dine-in,Drive-through,Delivery
"https://www.google.com/maps/place/The+Cheap+Restaurant,+Pokhara/data=!4m7!3m6!1s0x399595c26a8b1135:0x689c67771ac6f630!8m2!3d28.2204287!4d83.9575068!16s%2Fg%2F11vf4hrd7l!19sChIJNRGLasKVlTkRMPbGGndnnGg?authuser=0&hl=en&rclk=1","The Cheap Restaurant, Pokhara",5,2,Asian,6XC5+52C, Opens 8AM,Closes 11PM,https://maps.gstatic.com/tactile/pane/result-no-thumbnail-1x.png,Dine-in,Drive-through,Delivery
https://www.google.com/maps/place/Annapurna+Food+Camp/data=!4m7!3m6!1s0x39959525683f51af:0xc3001f9d84b99f17!8m2!3d28.2087367!4d83.9571587!16s%2Fg%2F11qh8d3m6v!19sChIJr1E_aCWVlTkRF5-5hJ0fAMM?authuser=0&hl=en&rclk=1,Annapurna Food Camp,4,66,Vegetarian,"Monsoon conplex, Street No. 13 chowk", Opens 8AM,Closes 10PM,https://lh5.googleusercontent.com/p/AF1QipPL3JSjK_newNopl68qAsWC-X_204y7eH6MBqn8=w80-h106-k-no,Dine-in,Takeaway,No-contact delivery
https://www.google.com/maps/place/Gurans+Thakali+Kitchen+%26+Restaurant/data=!4m7!3m6!1s0x3995951c3ee2334b:0x36c8112d493cbfb8!8m2!3d28.2092773!4d83.9598198!16s%2Fg%2F11bw3y9jhd!19sChIJSzPiPhyVlTkRuL88SS0RyDY?authuser=0&hl=en&rclk=1,Gurans Thakali Kitchen & Restaurant,4,57,Restaurant,"6X55+PW8, Baidam Rd", Opens 8AM,Closes 5PM,https://lh5.googleusercontent.com/p/AF1QipNJWHl3m_TA92bDusNj5rYekjD6exeFvc62CH_N=w122-h92-k-no,Dine-in,Takeaway,No-contact delivery
https://www.google.com/maps/place/PVT+%28Pokhara+Valley+Top+Jhol+MoMo%29/data=!4m7!3m6!1s0x3995956f5b8b58a5:0x6929e36266299c6e!8m2!3d28.2110721!4d83.9814925!16s%2Fg%2F11j60_748c!19sChIJpViLW2-VlTkRbpwpZmLjKWk?authuser=0&hl=en&rclk=1,PVT (Pokhara Valley Top Jhol MoMo),4.1,36,Restaurant,"6X6J+FH6, Phewa Marga", Opens 8AM,Closes 7:30AM ,https://lh5.googleusercontent.com/p/AF1QipPIlbSAPhHS3S32F0FcMu2RLgeBw10uLREqD6_w=w122-h92-k-no,Dine-in,Takeaway,Delivery
https://www.google.com/maps/place/Dalle+Pokhara/data=!4m7!3m6!1s0x39959577cef41b1f:0xb640547ed898f119!8m2!3d28.224145!4d83.9864869!16s%2Fg%2F11jv0xh38m!19sChIJHxv0zneVlTkRGfGY2H5UQLY?authuser=0&hl=en&rclk=1,Dalle Pokhara,3.2,68,Fast Food,, Opens 8AM,Closes 7:30PM,https://lh5.googleusercontent.com/p/AF1QipMOWdMITWuD4GCDDG51IxoSXzbnL1J5LDmLKfG1=w122-h92-k-no,Dine-in,Takeaway,Delivery
https://www.google.com/maps/place/Fewa+Fish+Restaurant+and+Sekuwa+Corner/data=!4m7!3m6!1s0x399595591d28dc91:0xb4e5ecd9c6d07933!8m2!3d28.214188!4d83.956899!16s%2Fg%2F11mb0rzxtf!19sChIJkdwoHVmVlTkRM3nQxtns5bQ?authuser=0&hl=en&rclk=1,Fewa Fish Restaurant and Sekuwa Corner,4.1,44,Restaurant,, Opens 8AM,Closes 11PM,https://lh5.googleusercontent.com/p/AF1QipNd6E6xhPt8Db8v0g1Wpr6iTL5z3nmHUcNCU3Sx=w163-h92-k-no,Dine-in,Drive-through,Delivery
https://www.google.com/maps/place/Open+Lake+Restaurant+%26+Bar/data=!4m7!3m6!1s0x399595aa504a0c95:0xb2856d16e7254657!8m2!3d28.2196736!4d83.9579494!16s%2Fg%2F11pdp81fb1!19sChIJlQxKUKqVlTkRV0Yl5xZthbI?authuser=0&hl=en&rclk=1,Open Lake Restaurant & Bar,4.5,2,Restaurant,Kahare Lakeside, Opens 8AM,Closes 11PM,https://lh5.googleusercontent.com/p/AF1QipOcjXzYPWDMfWJpZhmY1Pfy_IW7GpFFfjFHsMRc=w122-h92-k-no,Dine-in,Takeaway,Delivery
https://www.google.com/maps/place/Y5+Restaurant/data=!4m7!3m6!1s0x399595b2f0f3dc13:0x68e851fdb45d6757!8m2!3d28.2119408!4d83.9868901!16s%2Fg%2F11g6vhx3hm!19sChIJE9zz8LKVlTkRV2ddtP1R6Gg?authuser=0&hl=en&rclk=1,Y5 Restaurant,4.2,107,Restaurant,Nayabazar Rd 5, Opens 8AM,Closes 9PM,https://lh5.googleusercontent.com/p/AF1QipOZrsZ7SOf7VnG3_wLPtB0WeI5Z0WOeP03QyR2t=w138-h92-k-no,Dine-in,Takeaway,Delivery
https://www.google.com/maps/place/Fire+Pizza+Pokhara/data=!4m7!3m6!1s0x3995951cc3950051:0x202723fff1551d96!8m2!3d28.2128621!4d83.9570817!16s%2Fg%2F11kq4lmw3k!19sChIJUQCVwxyVlTkRlh1V8f8jJyA?authuser=0&hl=en&rclk=1,Fire Pizza Pokhara,4.8,16,Restaurant,Baidam Rd 6, Opens 8AM,Closes 9PM,https://lh5.googleusercontent.com/p/AF1QipPFxwT0d9gBzlgwa4CdmuFyDNVyiyVChGL_P2xN=w80-h106-k-no,Dine-in,Takeaway,Delivery
https://www.google.com/maps/place/Smile+Cafe+%26+Restaurant/data=!4m7!3m6!1s0x3995944d7584f467:0xce8cefbd15e9b17b!8m2!3d28.2166696!4d83.9860586!16s%2Fg%2F11d_v579h1!19sChIJZ_SEdU2UlTkRe7HpFb3vjM4?authuser=0&hl=en&rclk=1,Smile Cafe & Restaurant,4,26,Restaurant,6X8P+MC7, Opens 8AM,Closes 10PM,https://lh5.googleusercontent.com/p/AF1QipMg0WZk2DKgaz9nITKVOb0g7lNnYBJceEPCVQ7z=w122-h92-k-no,Dine-in,Takeaway,Delivery
https://www.google.com/maps/place/Marwadi+Restaurant/data=!4m7!3m6!1s0x3995951bed3e5385:0x703ba66c73199d3d!8m2!3d28.2064796!4d83.9597576!16s%2Fg%2F11c1qcn3z5!19sChIJhVM-7RuVlTkRPZ0Zc2ymO3A?authuser=0&hl=en&rclk=1,Marwadi Restaurant,3.6,473,Restaurant,Ward no 6, Opens 8AM,Closes 11PM,https://lh5.googleusercontent.com/p/AF1QipOmSn3HH5FQr27WZpCbEuH5MgETaaluMeG6wCXe=w80-h106-k-no,Dine-in,Takeaway,Delivery
https://www.google.com/maps/place/Sweet+Memories+Restaurant/data=!4m7!3m6!1s0x3995957af28ee20d:0xc7b6fb801d6e3525!8m2!3d28.2137709!4d83.957412!16s%2Fg%2F11j4n6ptq2!19sChIJDeKO8nqVlTkRJTVuHYD7tsc?authuser=0&hl=en&rclk=1,Sweet Memories Restaurant,4.8,211,Restaurant,Lake horizon mall, Opens 8AM,Closes 9:30PM,https://lh5.googleusercontent.com/p/AF1QipOXCRVAZmRptJpA3cRwiZaVsywEqpo9fmHEqKzg=w80-h175-k-no,Dine-in,Takeaway,Delivery
https://www.google.com/maps/place/Onion+Restro+%26+Cafe/data=!4m7!3m6!1s0x399595ae20060fd3:0x2a4b981f283ce2b5!8m2!3d28.212316!4d83.962516!16s%2Fg%2F11f5tbn9cl!19sChIJ0w8GIK6VlTkRteI8KB-YSyo?authuser=0&hl=en&rclk=1,Onion Restro & Cafe,4.3,18,Restaurant,6X67+W2C, Opens 8AM,Closes 11PM,https://lh5.googleusercontent.com/p/AF1QipPAJerUUcZQEWm7iVgeGWdnegg3v8PjXMjpNG6u=w122-h92-k-no,Dine-in,Takeaway,Delivery
https://www.google.com/maps/place/Madhushala+Restaurant+Lounge+%26+Bar/data=!4m7!3m6!1s0x3995951e407de9f3:0xf86ccc5d4b11e155!8m2!3d28.21136!4d83.9570451!16s%2Fg%2F11by__8rz4!19sChIJ8-l9QB6VlTkRVeERS13MbPg?authuser=0&hl=en&rclk=1,Madhushala Restaurant Lounge & Bar,4.4,111,Restaurant,6X64+GRV, Opens 8AM,Closes 11PM,https://lh5.googleusercontent.com/p/AF1QipPbI9UrH8stTKFI-kBJgKmMmEjS9DpSc1kCqg6t=w122-h92-k-no,Dine-in,Takeaway,Delivery
https://www.google.com/maps/place/Deepshikha+Restaurant/data=!4m7!3m6!1s0x39959504bd8bfeb1:0x81179d9239a0604f!8m2!3d28.2065362!4d83.9650875!16s%2Fg%2F11hb39cnx1!19sChIJsf6LvQSVlTkRT2CgOZKdF4E?authuser=0&hl=en&rclk=1,Deepshikha Restaurant,4.9,15,Restaurant,6X48+J28, Opens 8AM,Closes 10PM,https://lh5.googleusercontent.com/p/AF1QipPFRODO1RTlUBgMV6_IgGpOJcBjSIrk7R_Ndzzb=w163-h92-k-no,Dine-in,Takeaway,Delivery
https://www.google.com/maps/place/You+And+Me+Cafe+and+Restaurant/data=!4m7!3m6!1s0x39959516d79828df:0x8720c9d23d9a73c1!8m2!3d28.207595!4d83.9659772!16s%2Fg%2F11qnkt1tjx!19sChIJ3yiY1xaVlTkRwXOaPdLJIIc?authuser=0&hl=en&rclk=1,You And Me Cafe and Restaurant,4.8,82,Restaurant,Thado Pasal Path, Opens 8AM,Closes 9:30PM,https://lh5.googleusercontent.com/p/AF1QipMRGaICErO8DRrBcAjpErSwiweER7LXJja92FMQ=w122-h92-k-no,Dine-in,Drive-through,No-contact delivery
https://www.google.com/maps/place/Al+Hakeem+Halal+Restaurant/data=!4m7!3m6!1s0x3995944fcb4ede05:0x5d510ace8865ff21!8m2!3d28.2230625!4d83.9863125!16s%2Fg%2F11h9y5mc99!19sChIJBd5Oy0-UlTkRIf9liM4KUV0?authuser=0&hl=en&rclk=1,Al Hakeem Halal Restaurant,4.1,61,Restaurant,, Opens 8AM,Closes 8PM,https://lh5.googleusercontent.com/p/AF1QipMGTFe2OEM8NPC6rMoA9iPFT3uybgbEzpezN1ZU=w163-h92-k-no,Dine-in,Takeaway,Delivery
https://www.google.com/maps/place/Newari+Bhoj/data=!4m7!3m6!1s0x399595ad65fa9193:0x3b3f6dd206bf1509!8m2!3d28.2124817!4d83.984119!16s%2Fg%2F11hbr8mx_y!19sChIJk5H6Za2VlTkRCRW_BtJtPzs?authuser=0&hl=en&rclk=1,Newari Bhoj,3.9,353,Restaurant,New Rd, Opens 8AM,Closes 10PM,https://lh5.googleusercontent.com/p/AF1QipNekAVREGfdQDaWSbbI5yZgq3hyLEWPHhHyTDMW=w122-h92-k-no,Dine-in,Takeaway,Delivery
https://www.google.com/maps/place/Flamingo+Restaurant/data=!4m7!3m6!1s0x399595337cb2e6c7:0x7262ebc35110f3bc!8m2!3d28.2101167!4d83.9560003!16s%2Fg%2F11rhxl5wv6!19sChIJx-ayfDOVlTkRvPMQUcPrYnI?authuser=0&hl=en&rclk=1,Flamingo Restaurant,4.1,23,Restaurant,"Fewa margarita, Lakeside Rd", Opens 8AM,Closes 10PM,https://lh5.googleusercontent.com/p/AF1QipP9hlvQtRC2V2kCyQgRYRFjTtZwxQaoG6tpovBJ=w122-h92-k-no,Dine-in,Kerbside pickup,Delivery
https://www.google.com/maps/place/KFC+Pokhara/data=!4m7!3m6!1s0x3995951e5c590ec1:0x9ecc41d6eb1cab36!8m2!3d28.2106074!4d83.9569743!16s%2Fg%2F11g7z4v9kl!19sChIJwQ5ZXB6VlTkRNqsc69ZBzJ4?authuser=0&hl=en&rclk=1,KFC Pokhara,4,"1,363",Fast Food,Lakeside Rd, Opens 8AM,Closes 10PM,https://lh5.googleusercontent.com/p/AF1QipOdFjtNEJOu0awqd45LF2NmPPC52VRaYUpwEn7N=w163-h92-k-no,Dine-in,Takeaway,No-contact delivery
"https://www.google.com/maps/place/Bhojan+Unlimited+Restaurant+and+Bar,+Bulaudi,+Pokhara/data=!4m7!3m6!1s0x399595d8855136cd:0x5769d1987a16dc13!8m2!3d28.2137028!4d83.9679641!16s%2Fg%2F11s2hwv0vq!19sChIJzTZRhdiVlTkRE9wWepjRaVc?authuser=0&hl=en&rclk=1","Bhojan Unlimited Restaurant and Bar, Bulaudi, Pokhara",5,9,Indian,"Bulaudi 7, Nwarthok, On the banks of river", Opens 8AM,Closes 11PM,https://maps.gstatic.com/tactile/pane/result-no-thumbnail-1x.png,Dine-in,Kerbside pickup,No-contact delivery
https://www.google.com/maps/place/Bibek+Restaurant/data=!4m7!3m6!1s0x3995958198404f6f:0x55bdf34d9d768b16!8m2!3d28.21919!4d83.9582152!16s%2Fg%2F11fp93kjj8!19sChIJb09AmIGVlTkRFot2nU3zvVU?authuser=0&hl=en&rclk=1,Bibek Restaurant,4,1,Restaurant,Baidam Rd, Opens 8AM,Closes 11PM,https://lh5.googleusercontent.com/p/AF1QipMGhM0x98dXHewcBB1OxCc6MIbLzD2Cl10xLJDX=w163-h92-k-no,Dine-in,Takeaway,No-contact delivery
